date,Open,Close,High,Low,Amount,Volume
2020-01-02,4.14,4.19,4.23,4.12,228161.28,1
2020-01-03,4.21,4.25,4.28,4.19,245709.54,1
2020-01-06,4.2,4.25,4.31,4.19,282472.25,1
2020-01-07,4.27,4.31,4.33,4.25,202896.05,1
2020-01-08,4.29,4.2,4.3,4.17,248981.0,1
2020-01-09,4.24,4.29,4.32,4.22,220425.99,1
2020-01-10,4.3,4.26,4.33,4.24,149933.85,1
2020-01-13,4.26,4.29,4.29,4.19,162886.49,1
2020-01-14,4.29,4.29,4.33,4.27,185265.11,1
2020-01-15,4.29,4.24,4.29,4.22,149469.91,1
2020-01-16,4.26,4.2,4.28,4.17,151183.95,1
2020-01-17,4.2,4.19,4.24,4.18,120782.81,1
2020-01-20,4.17,4.19,4.21,4.13,129764.6,1
2020-01-21,4.17,4.08,4.18,4.07,161826.66,1
2020-01-22,4.07,4.08,4.11,3.97,192644.1,1
2020-01-23,4.05,3.93,4.06,3.87,260866.74,1
2020-02-03,3.53,3.53,3.53,3.53,63191.0,1
2020-02-04,3.17,3.39,3.48,3.17,383442.03,1
2020-02-05,3.39,3.45,3.52,3.35,254345.55,1
2020-02-06,3.46,3.62,3.64,3.41,346793.59,1
2020-02-07,3.62,3.7,3.73,3.56,302209.16,1
2020-02-10,3.67,3.74,3.75,3.65,210879.33,1
2020-02-11,3.77,3.67,3.78,3.65,213000.95,1
2020-02-12,3.69,3.73,3.74,3.64,168562.88,1
2020-02-13,3.73,3.67,3.76,3.66,190763.52,1
2020-02-14,3.65,3.63,3.69,3.62,158621.35,1
2020-02-17,3.66,3.91,3.93,3.66,462475.77,1
2020-02-18,3.86,3.92,4.0,3.86,360421.77,1
2020-02-19,3.96,3.87,3.96,3.86,234317.44,1
2020-02-20,3.88,3.91,3.93,3.83,260178.45,1
2020-02-21,3.91,3.95,3.99,3.89,378797.43,1
2020-02-24,3.9,3.96,3.98,3.86,376648.99,1
2020-02-25,3.88,3.86,3.9,3.74,447859.35,1
2020-02-26,3.81,3.9,4.05,3.77,568619.01,1
2020-02-27,3.91,3.83,3.92,3.81,327014.77,1
2020-02-28,3.68,3.55,3.75,3.54,417356.94,1
2020-03-02,3.59,3.75,3.75,3.58,274020.62,1
2020-03-03,3.93,3.89,3.94,3.82,454192.42,1
2020-03-04,3.84,3.97,4.04,3.82,467185.77,1
2020-03-05,4.0,4.04,4.1,3.94,468166.8,1
2020-03-06,4.0,4.01,4.1,3.97,345888.97,1
2020-03-09,4.09,4.0,4.21,3.96,603064.98,1
2020-03-10,3.96,4.28,4.41,3.91,892308.8,1
2020-03-11,4.22,4.17,4.3,4.17,421358.47,1
2020-03-12,4.09,4.06,4.15,4.01,285753.56,1
2020-03-13,3.89,4.07,4.11,3.82,391083.08,1
2020-03-16,4.08,3.96,4.22,3.9,446467.56,1
2020-03-17,3.99,4.18,4.21,3.89,579108.46,1
2020-03-18,4.19,4.01,4.26,3.99,502075.97,1
2020-03-19,4.01,4.21,4.23,4.0,624763.33,1
2020-03-20,4.24,4.21,4.27,4.11,422942.33,1
2020-03-23,4.07,4.01,4.14,3.96,331075.52,1
2020-03-24,4.09,4.15,4.17,4.01,311827.31,1
2020-03-25,4.24,4.17,4.25,4.09,449093.64,1
2020-03-26,4.13,4.03,4.15,4.02,282767.5,1
2020-03-27,4.07,3.9,4.08,3.89,302560.76,1
2020-03-30,3.86,3.78,3.88,3.72,232021.05,1
2020-03-31,3.84,3.74,3.86,3.73,158647.47,1
2020-04-01,3.74,3.7,3.79,3.68,157222.99,1
2020-04-02,3.67,3.73,3.73,3.64,128479.52,1
2020-04-03,3.72,3.81,3.85,3.67,174886.43,1
2020-04-07,3.84,3.85,3.88,3.82,199226.38,1
2020-04-08,3.85,3.92,3.97,3.83,227936.46,1
2020-04-09,3.9,3.88,3.95,3.87,168808.06,1
2020-04-10,3.87,3.77,3.9,3.75,176411.0,1
2020-04-13,3.76,3.75,3.79,3.73,95293.41,1
2020-04-14,3.77,3.82,3.82,3.77,98516.79,1
2020-04-15,3.81,3.75,3.83,3.74,139685.49,1
2020-04-16,3.74,3.78,3.8,3.7,116143.99,1
2020-04-17,3.81,3.86,3.98,3.79,259398.96,1
2020-04-20,3.84,3.86,3.92,3.82,139829.23,1
2020-04-21,3.86,3.75,3.86,3.73,258283.62,1
2020-04-22,3.75,3.88,3.89,3.71,328007.26,1
2020-04-23,3.92,4.24,4.28,3.92,783167.71,1
2020-04-24,4.1,3.96,4.16,3.95,794013.7,1
2020-04-27,4.01,4.37,4.37,4.01,1359911.38,1
2020-04-28,4.26,4.19,4.29,4.05,1255773.6,1
2020-04-29,4.07,4.11,4.22,4.03,658863.93,1
2020-04-30,4.15,4.13,4.22,4.06,517663.05,1
2020-05-06,4.11,4.16,4.2,4.07,428109.92,1
2020-05-07,4.16,4.42,4.59,4.14,1258949.38,1
2020-05-08,4.45,4.87,4.87,4.4,1729015.3,1
2020-05-11,4.93,4.79,4.97,4.67,1467447.55,1
2020-05-12,4.76,4.9,5.13,4.7,1395228.82,1
2020-05-13,4.84,4.97,5.17,4.81,1319008.9,1
2020-05-14,4.87,4.78,5.03,4.74,1143692.8,1
2020-05-15,4.84,4.74,4.86,4.71,694420.54,1
2020-05-18,4.7,4.76,4.88,4.69,704869.68,1
2020-05-19,4.72,4.68,4.75,4.39,904056.12,1
2020-05-20,4.65,4.49,4.72,4.45,645764.95,1
2020-05-21,4.54,4.42,4.56,4.38,458125.5,1
2020-05-22,4.42,4.33,4.51,4.28,423874.89,1
2020-05-25,4.31,4.34,4.42,4.28,254652.14,1
2020-05-26,4.37,4.54,4.55,4.34,513855.22,1
2020-05-27,4.53,4.49,4.61,4.42,471589.6,1
2020-05-28,4.49,4.39,4.55,4.33,288976.0,1
2020-05-29,4.36,4.36,4.42,4.31,284502.99,1
2020-06-01,4.43,4.81,4.81,4.4,1076235.88,1
2020-06-02,4.82,4.79,4.99,4.76,1057149.67,1
2020-06-03,4.86,4.92,5.04,4.76,968638.07,1
2020-06-04,4.92,4.79,4.99,4.77,536960.61,1
2020-06-05,4.81,4.74,4.85,4.7,419161.8,1
2020-06-08,4.76,4.73,4.86,4.7,370073.93,1
2020-06-09,4.72,4.84,4.86,4.7,472612.0,1
2020-06-10,4.82,4.65,4.82,4.58,487360.87,1
2020-06-11,4.61,4.53,4.65,4.51,344023.32,1
2020-06-12,4.41,4.49,4.57,4.37,274000.18,1
2020-06-15,4.49,4.63,4.81,4.48,533110.3,1
2020-06-16,4.68,4.93,5.08,4.65,807532.49,1
2020-06-17,4.89,5.13,5.31,4.89,1194041.55,1
2020-06-18,5.18,5.13,5.46,5.1,1291048.4,1
2020-06-19,5.24,5.12,5.32,5.06,756357.59,1
2020-06-22,5.18,5.0,5.22,5.0,659939.25,1
2020-06-23,5.04,5.51,5.51,5.03,667060.64,1
2020-06-24,5.59,5.37,5.64,5.32,1108735.29,1
2020-06-29,5.36,5.23,5.53,5.18,665805.0,1
2020-06-30,5.32,5.25,5.41,5.17,710274.83,1
2020-07-01,5.27,5.55,5.55,5.21,929033.65,1
2020-07-02,5.55,5.39,5.55,5.3,770357.83,1
2020-07-03,5.39,5.42,5.5,5.32,626926.75,1
2020-07-06,5.45,5.69,5.82,5.4,930126.32,1
2020-07-07,5.73,5.82,6.04,5.58,994761.15,1
2020-07-08,5.8,6.1,6.24,5.77,979842.24,1
2020-07-09,6.1,6.49,6.55,6.05,1054948.7,1
2020-07-10,6.45,6.27,6.56,6.26,992696.95,1
2020-07-13,6.34,6.69,6.69,6.34,846849.04,1
2020-07-14,6.69,6.31,6.7,6.21,1096832.88,1
2020-07-15,6.38,6.05,6.43,6.03,849842.58,1
2020-07-16,6.05,5.71,6.14,5.53,840972.79,1
2020-07-17,5.72,5.74,5.87,5.61,499801.92,1
2020-07-20,5.78,6.02,6.04,5.76,530681.61,1
2020-07-21,6.05,5.94,6.08,5.87,404553.9,1
2020-07-22,6.01,6.09,6.34,5.97,666843.93,1
2020-07-23,5.99,5.97,6.06,5.76,509437.45,1
2020-07-24,5.87,6.04,6.54,5.87,1094170.81,1
2020-07-27,6.16,5.99,6.34,5.84,669451.24,1
2020-07-28,6.02,5.74,6.05,5.6,714405.76,1
2020-07-29,5.7,5.8,5.81,5.52,508629.72,1
2020-07-30,5.82,5.61,5.85,5.6,437432.88,1
2020-07-31,5.67,5.67,5.76,5.57,381166.19,1
2020-08-03,5.8,6.05,6.05,5.73,745340.43,1
2020-08-04,6.1,5.95,6.11,5.92,451566.29,1
2020-08-05,5.96,5.95,6.02,5.81,406473.19,1
2020-08-06,6.01,6.08,6.16,5.92,653067.41,1
2020-08-07,6.0,5.85,6.01,5.7,533298.76,1
2020-08-10,5.75,5.81,5.9,5.73,335907.53,1
2020-08-11,5.85,5.65,5.87,5.63,334586.5,1
2020-08-12,5.62,5.79,5.86,5.55,352342.56,1
2020-08-13,5.76,5.69,5.79,5.69,205448.53,1
2020-08-14,5.68,5.75,5.79,5.66,191011.72,1
2020-08-17,5.75,5.83,5.85,5.74,270455.84,1
2020-08-18,5.84,5.83,5.87,5.79,247810.22,1
2020-08-19,5.78,5.58,5.8,5.57,417131.65,1
2020-08-20,5.55,5.53,5.63,5.51,174179.1,1
2020-08-21,5.56,5.6,5.64,5.5,169136.84,1
2020-08-24,5.58,5.63,5.69,5.51,209508.77,1
2020-08-25,5.64,5.45,5.65,5.42,327039.48,1
2020-08-26,5.42,5.16,5.45,5.14,418959.64,1
2020-08-27,5.18,5.16,5.21,5.06,220534.87,1
2020-08-28,5.16,5.25,5.26,5.13,222206.61,1
2020-08-31,5.27,5.19,5.35,5.19,214856.81,1
2020-09-01,5.19,5.22,5.24,5.14,145646.7,1
2020-09-02,5.23,5.28,5.4,5.21,259740.12,1
2020-09-03,5.29,5.16,5.3,5.14,177535.07,1
2020-09-04,5.08,5.19,5.2,4.99,156766.02,1
2020-09-07,5.19,5.08,5.27,5.06,162821.68,1
2020-09-08,5.1,5.19,5.19,5.02,165651.93,1
2020-09-09,5.15,5.12,5.27,5.11,222793.78,1
2020-09-10,5.22,5.13,5.35,5.09,279640.97,1
2020-09-11,5.03,5.22,5.27,5.03,220495.69,1
2020-09-14,5.23,5.22,5.28,5.13,190290.6,1
2020-09-15,5.21,5.21,5.24,5.09,149433.01,1
2020-09-16,5.21,5.2,5.27,5.16,154708.78,1
2020-09-17,5.2,5.14,5.2,5.08,151771.48,1
2020-09-18,5.14,5.27,5.3,5.11,230394.81,1
2020-09-21,5.29,5.31,5.4,5.23,280907.55,1
2020-09-22,5.29,5.14,5.31,5.11,207805.45,1
2020-09-23,5.16,5.21,5.25,5.1,146191.01,1
2020-09-24,5.16,5.01,5.19,5.0,204915.92,1
2020-09-25,5.02,4.88,5.05,4.8,204562.28,1
2020-09-28,4.89,4.82,4.91,4.76,141547.27,1
2020-09-29,4.84,4.87,4.93,4.84,125802.01,1
2020-09-30,4.89,4.81,4.92,4.76,110224.79,1
2020-10-09,4.87,5.11,5.15,4.87,293497.39,1
2020-10-12,5.29,5.48,5.58,5.26,623915.29,1
2020-10-13,5.5,5.47,5.53,5.43,262884.98,1
2020-10-14,5.49,5.45,5.57,5.42,259283.12,1
2020-10-15,5.46,5.34,5.48,5.33,188160.02,1
2020-10-16,5.35,5.28,5.4,5.24,151956.33,1
2020-10-19,5.32,5.21,5.37,5.2,180877.19,1
2020-10-20,5.23,5.25,5.27,5.14,145905.8,1
2020-10-21,5.26,5.15,5.26,5.11,134789.56,1
2020-10-22,5.14,5.09,5.15,5.04,104545.0,1
2020-10-23,5.09,5.0,5.18,4.99,132916.0,1
2020-10-26,5.01,4.99,5.02,4.92,101948.64,1
2020-10-27,4.96,5.09,5.12,4.93,167999.86,1
2020-10-28,5.08,5.03,5.09,4.95,126168.37,1
2020-10-29,4.96,4.98,5.0,4.93,117535.69,1
2020-10-30,4.98,4.77,4.99,4.77,204275.23,1
2020-11-02,4.79,4.7,4.82,4.65,178010.47,1
2020-11-03,4.7,4.95,4.98,4.7,193994.17,1
2020-11-04,4.94,4.95,4.98,4.87,118173.73,1
2020-11-05,5.0,5.06,5.13,4.96,223671.35,1
2020-11-06,5.04,5.0,5.06,4.94,216528.18,1
2020-11-09,5.14,5.07,5.24,5.05,252906.37,1
2020-11-10,5.08,4.96,5.08,4.93,223990.29,1
2020-11-11,4.93,4.92,5.0,4.88,114541.94,1
2020-11-12,4.91,4.88,4.97,4.88,115500.02,1
2020-11-13,4.89,4.85,4.92,4.8,134586.79,1
2020-11-16,4.89,4.9,4.98,4.86,131838.02,1
2020-11-17,4.89,4.86,4.9,4.83,99965.67,1
2020-11-18,4.86,4.82,4.93,4.81,137532.28,1
2020-11-19,4.81,4.84,4.84,4.78,109250.6,1
2020-11-20,4.84,4.82,4.85,4.78,95261.66,1
2020-11-23,4.85,4.82,4.88,4.79,151355.54,1
2020-11-24,4.82,4.8,4.85,4.79,114954.97,1
2020-11-25,4.82,4.73,4.84,4.73,146740.6,1
2020-11-26,4.8,4.82,4.93,4.78,197435.7,1
2020-11-27,4.8,5.01,5.16,4.78,508236.78,1
2020-11-30,5.0,4.91,5.05,4.89,332138.05,1
2020-12-01,4.88,4.91,4.98,4.85,213332.54,1
2020-12-02,4.91,4.86,4.93,4.83,189576.79,1
2020-12-03,4.86,4.94,4.95,4.81,204348.7,1
2020-12-04,4.92,4.85,4.93,4.84,161920.64,1
2020-12-07,4.87,4.83,4.89,4.81,105721.49,1
2020-12-08,4.88,4.79,4.88,4.79,118698.63,1
2020-12-09,4.8,4.73,4.82,4.72,123936.02,1
2020-12-10,4.73,4.69,4.76,4.67,127814.36,1
2020-12-11,4.68,4.52,4.7,4.47,209394.72,1
2020-12-14,4.53,4.52,4.54,4.47,79507.79,1
2020-12-15,4.52,4.45,4.52,4.42,93143.71,1
2020-12-16,4.45,4.34,4.45,4.33,113669.9,1
2020-12-17,4.32,4.42,4.42,4.27,120941.77,1
2020-12-18,4.41,4.33,4.45,4.33,112993.1,1
2020-12-21,4.32,4.35,4.39,4.29,100502.5,1
2020-12-22,4.35,4.2,4.36,4.18,174912.0,1
2020-12-23,4.2,4.25,4.32,4.13,157586.41,1
2020-12-24,4.25,4.21,4.26,4.15,107345.86,1
2020-12-25,4.21,4.21,4.25,4.15,79087.43,1
2020-12-28,4.21,4.14,4.21,4.09,142937.88,1
2020-12-29,4.17,4.29,4.32,4.15,168838.91,1
2020-12-30,4.28,4.29,4.31,4.25,97821.46,1
2020-12-31,4.29,4.26,4.37,4.24,150066.25,1
2021-01-04,4.25,4.28,4.3,4.18,159191.69,1
2021-01-05,4.26,4.26,4.29,4.19,135052.24,1
2021-01-06,4.27,4.19,4.28,4.17,106983.75,1
2021-01-07,4.18,4.06,4.19,4.02,237858.4,1
2021-01-08,4.04,4.21,4.25,3.99,221285.92,1
2021-01-11,4.2,4.13,4.24,4.09,144254.0,1
2021-01-12,4.1,4.1,4.18,4.07,112398.48,1
2021-01-13,4.08,4.07,4.1,3.97,168504.7,1
2021-01-14,4.04,4.1,4.13,4.03,127321.21,1
2021-01-15,4.1,4.11,4.19,4.08,99732.29,1
2021-01-18,4.12,4.12,4.15,4.08,78570.05,1
2021-01-19,4.12,4.3,4.44,4.09,280320.21,1
2021-01-20,4.27,4.2,4.29,4.19,132187.31,1
2021-01-21,4.22,4.21,4.25,4.17,102766.44,1
2021-01-22,4.19,4.17,4.2,4.12,110866.65,1
2021-01-25,4.16,4.04,4.17,4.0,139014.26,1
2021-01-26,4.0,4.02,4.09,4.0,68786.92,1
2021-01-27,4.02,4.0,4.07,3.98,87973.04,1
2021-01-28,3.98,4.0,4.04,3.96,89371.46,1
2021-01-29,4.02,3.89,4.03,3.86,155831.64,1
2021-02-01,3.91,3.86,3.93,3.85,92853.12,1
2021-02-02,3.88,3.83,3.89,3.83,77003.52,1
2021-02-03,3.83,3.89,3.93,3.76,143739.92,1
2021-02-04,3.86,3.84,3.88,3.8,97658.35,1
2021-02-05,3.81,3.78,3.92,3.78,80492.99,1
2021-02-08,4.17,4.17,4.17,4.17,74424.01,1
2021-02-09,4.38,4.25,4.48,4.23,544935.05,1
2021-02-10,4.09,4.06,4.25,4.04,343761.39,1
2021-02-18,4.08,4.11,4.23,4.08,240386.21,1
2021-02-19,4.09,4.22,4.23,4.05,223981.32,1
2021-02-22,4.23,4.17,4.31,4.17,249754.14,1
2021-02-23,4.17,4.16,4.24,4.15,149548.81,1
2021-02-24,4.17,4.17,4.21,4.13,141093.78,1
2021-02-25,4.17,4.08,4.19,4.07,155899.01,1
2021-02-26,4.06,4.07,4.11,4.03,132597.89,1
2021-03-01,4.1,4.17,4.2,4.1,125168.7,1
2021-03-02,4.2,4.13,4.21,4.12,116920.56,1
2021-03-03,4.11,4.35,4.55,4.11,496609.53,1
2021-03-04,4.25,4.39,4.42,4.23,378783.39,1
2021-03-05,4.34,4.35,4.38,4.28,205964.52,1
2021-03-08,4.35,4.29,4.39,4.26,168706.95,1
2021-03-09,4.29,4.28,4.33,4.17,179510.2,1
2021-03-10,4.26,4.29,4.37,4.22,142404.07,1
2021-03-11,4.27,4.32,4.32,4.2,140259.85,1
2021-03-12,4.32,4.29,4.33,4.27,112649.98,1
2021-03-15,4.28,4.31,4.32,4.25,79028.74,1
2021-03-16,4.31,4.39,4.48,4.31,212803.11,1
2021-03-17,4.4,4.4,4.47,4.37,135136.25,1
2021-03-18,4.4,4.31,4.4,4.3,133236.43,1
2021-03-19,4.28,4.45,4.51,4.27,229804.15,1
2021-03-22,4.42,4.5,4.53,4.42,172856.21,1
2021-03-23,4.5,4.53,4.54,4.45,155222.65,1
2021-03-24,4.57,4.45,4.62,4.41,195955.72,1
2021-03-25,4.4,4.44,4.48,4.37,101752.56,1
2021-03-26,4.44,4.49,4.52,4.42,114124.27,1
2021-03-29,4.48,4.39,4.48,4.37,133453.97,1
2021-03-30,4.39,4.29,4.4,4.28,109944.81,1
2021-03-31,4.28,4.32,4.33,4.28,70934.35,1
2021-04-01,4.32,4.38,4.39,4.29,86579.7,1
2021-04-02,4.4,4.41,4.43,4.36,89232.32,1
2021-04-06,4.42,4.41,4.45,4.38,86031.32,1
2021-04-07,4.45,4.44,4.47,4.41,83042.45,1
2021-04-08,4.43,4.42,4.43,4.37,80148.65,1
2021-04-09,4.42,4.39,4.43,4.35,57208.81,1
2021-04-12,4.37,4.44,4.44,4.36,106850.65,1
2021-04-13,4.42,4.31,4.5,4.29,153756.37,1
2021-04-14,4.32,4.31,4.34,4.27,68383.1,1
2021-04-15,4.36,4.52,4.73,4.36,335875.4,1
2021-04-16,4.49,4.77,4.85,4.45,568392.3,1
2021-04-19,4.74,4.71,4.79,4.67,272527.98,1
2021-04-20,4.67,4.85,4.88,4.66,361586.47,1
2021-04-21,4.81,4.81,4.91,4.78,219398.68,1
2021-04-22,4.8,4.78,4.89,4.75,200765.66,1
2021-04-23,4.82,4.78,4.83,4.72,159048.56,1
2021-04-26,4.8,4.71,4.83,4.68,179040.26,1
2021-04-27,4.7,4.75,4.83,4.67,189249.47,1
2021-04-28,4.83,4.78,4.88,4.75,173897.33,1
2021-04-29,4.78,4.97,5.05,4.75,438051.94,1
2021-04-30,4.98,5.0,5.02,4.91,268559.13,1
2021-05-06,4.96,5.18,5.27,4.96,388192.54,1
2021-05-07,5.15,5.25,5.32,5.12,347393.71,1
2021-05-10,5.27,5.29,5.35,5.18,316504.13,1
2021-05-11,5.29,5.25,5.32,5.18,282460.14,1
2021-05-12,5.21,5.32,5.34,5.21,224238.28,1
2021-05-13,5.3,5.48,5.54,5.27,317014.88,1
2021-05-14,5.45,5.48,5.74,5.44,508403.84,1
2021-05-17,5.49,5.4,5.56,5.39,290401.63,1
2021-05-18,5.39,5.48,5.53,5.33,208031.1,1
2021-05-19,5.46,5.29,5.52,5.27,286450.86,1
2021-05-20,5.29,5.26,5.38,5.25,240150.06,1
2021-05-21,5.33,5.27,5.38,5.24,167835.0,1
2021-05-24,5.27,5.27,5.4,5.22,185406.65,1
2021-05-25,5.26,5.28,5.32,5.23,174842.56,1
2021-05-26,5.27,5.3,5.35,5.25,162673.19,1
2021-05-27,5.28,5.3,5.35,5.26,147710.4,1
2021-05-28,5.32,5.6,5.73,5.26,645386.8,1
2021-05-31,5.6,5.61,5.7,5.48,338295.74,1
2021-06-01,5.61,5.69,5.73,5.54,311151.56,1
2021-06-02,5.71,5.82,5.96,5.6,492392.07,1
2021-06-03,5.85,5.73,5.91,5.72,372102.71,1
2021-06-04,5.75,5.81,5.9,5.67,299209.18,1
2021-06-07,5.81,6.0,6.1,5.78,500439.0,1
2021-06-08,6.0,5.92,6.05,5.9,340607.46,1
2021-06-09,5.9,5.79,6.01,5.78,310382.54,1
2021-06-10,5.79,5.86,5.94,5.75,225801.53,1
2021-06-11,5.82,5.91,6.11,5.81,327615.88,1
2021-06-15,5.87,5.43,5.9,5.42,581275.58,1
2021-06-16,5.45,5.37,5.54,5.32,287591.49,1
2021-06-17,5.36,5.55,5.66,5.36,262431.82,1
2021-06-18,5.57,5.8,5.93,5.56,383258.78,1
2021-06-21,5.74,5.93,6.05,5.66,469020.72,1
2021-06-22,5.97,5.78,6.0,5.72,342944.9,1
2021-06-23,5.78,5.72,5.79,5.65,285749.02,1
2021-06-24,5.72,5.74,5.86,5.66,237400.35,1
2021-06-25,5.74,5.79,5.85,5.69,271731.61,1
2021-06-28,5.79,5.71,5.83,5.69,197845.6,1
2021-06-29,5.73,5.7,5.8,5.66,201618.95,1
2021-06-30,5.7,5.65,5.76,5.54,204510.59,1
2021-07-01,5.77,5.72,5.82,5.63,204464.98,1
2021-07-02,5.67,5.39,5.69,5.36,344489.83,1
2021-07-05,5.42,5.55,5.7,5.42,430282.71,1
2021-07-06,5.6,5.52,5.63,5.47,246126.55,1
2021-07-07,5.57,5.49,5.58,5.45,165607.38,1
2021-07-08,5.62,5.76,6.05,5.56,1088463.44,1
2021-07-09,5.66,5.63,5.77,5.52,541072.44,1
2021-07-12,5.66,5.89,6.01,5.66,678007.27,1
2021-07-13,5.88,5.85,5.98,5.8,332244.0,1
2021-07-14,5.9,5.84,5.91,5.77,278775.0,1
2021-07-15,5.79,5.8,5.84,5.7,259748.85,1
2021-07-16,5.8,5.78,5.88,5.75,259026.25,1
2021-07-19,5.81,5.96,6.01,5.69,520121.45,1
2021-07-20,5.87,6.51,6.51,5.83,1134573.12,1
2021-07-21,6.61,6.23,6.61,6.11,1200281.64,1
2021-07-22,6.13,5.99,6.2,5.95,738717.14,1
2021-07-23,6.0,6.24,6.4,5.86,814346.42,1
2021-07-26,6.22,6.0,6.27,5.96,571298.44,1
2021-07-27,5.98,5.69,6.05,5.66,479244.09,1
2021-07-28,5.65,5.29,5.73,5.21,561161.84,1
2021-07-29,5.42,5.36,5.53,5.33,346254.43,1
2021-07-30,5.41,5.36,5.41,5.22,308362.32,1
2021-08-02,5.36,5.54,5.58,5.28,309265.71,1
2021-08-03,5.54,5.46,5.6,5.43,238894.6,1
2021-08-04,5.49,5.48,5.55,5.44,190482.06,1
2021-08-05,5.43,5.42,5.49,5.32,207761.82,1
2021-08-06,5.41,5.31,5.41,5.29,197777.81,1
2021-08-09,5.34,5.46,5.52,5.34,216601.64,1
2021-08-10,5.46,5.49,5.52,5.37,213014.28,1
2021-08-11,5.47,5.67,5.76,5.47,395346.58,1
2021-08-12,5.68,5.62,5.7,5.56,207372.84,1
2021-08-13,5.63,5.74,5.78,5.57,254578.67,1
2021-08-16,5.77,6.02,6.06,5.76,457520.67,1
2021-08-17,5.99,6.03,6.24,5.95,577223.92,1
2021-08-18,6.13,6.03,6.16,5.95,549607.98,1
2021-08-19,6.03,6.49,6.53,5.99,1074078.33,1
2021-08-20,6.57,7.15,7.15,6.46,2137563.46,1
2021-08-23,7.14,6.8,7.38,6.74,1782480.06,1
2021-08-24,6.87,6.82,6.94,6.65,962598.06,1
2021-08-25,6.82,7.08,7.26,6.78,1037326.86,1
2021-08-26,7.19,7.28,7.52,7.05,1055655.61,1
2021-08-27,7.37,7.38,7.72,7.27,1058810.55,1
2021-08-30,7.3,7.27,7.47,7.15,841287.41,1
2021-08-31,7.21,7.34,7.44,7.14,598700.69,1
2021-09-01,7.29,7.29,7.61,7.26,741999.73,1
2021-09-02,7.21,7.4,7.52,7.21,670048.05,1
2021-09-03,7.31,7.37,7.59,7.26,566132.35,1
2021-09-06,7.44,7.55,7.88,7.41,683060.46,1
2021-09-07,7.61,7.73,7.84,7.38,757059.29,1
2021-09-08,7.68,7.5,7.74,7.35,784019.25,1
2021-09-09,7.43,7.42,7.92,7.38,820643.66,1
2021-09-10,7.32,7.45,7.67,7.23,653340.72,1
2021-09-13,7.25,7.51,7.54,7.13,630836.64,1
2021-09-14,7.58,7.5,7.77,7.36,682655.9,1
2021-09-15,7.44,7.41,7.57,7.36,469445.99,1
2021-09-16,7.43,7.19,7.77,7.17,852209.54,1
2021-09-17,7.28,7.4,7.62,7.22,634791.68,1
2021-09-22,7.3,7.52,7.53,7.24,410944.67,1
2021-09-23,7.57,7.44,7.64,7.37,469214.87,1
2021-09-24,7.39,7.24,7.51,7.22,439332.91,1
2021-09-27,7.28,7.08,7.44,6.98,595415.53,1
2021-09-28,7.12,7.07,7.22,6.97,309903.08,1
2021-09-29,7.08,6.78,7.13,6.76,382481.68,1
2021-09-30,6.82,6.87,7.04,6.78,325022.1,1
2021-10-08,6.92,6.87,7.08,6.78,319176.61,1
2021-10-11,6.87,6.71,6.92,6.67,338016.77,1
2021-10-12,6.64,6.37,6.79,6.28,526124.0,1
2021-10-13,6.42,6.26,6.45,6.14,282695.67,1
2021-10-14,6.26,6.25,6.38,6.2,243965.46,1
2021-10-15,6.27,6.21,6.33,6.16,259568.41,1
2021-10-18,6.18,6.22,6.26,6.14,275570.4,1
2021-10-19,6.2,6.24,6.26,6.16,287417.54,1
2021-10-20,6.24,6.12,6.24,6.06,397859.92,1
2021-10-21,6.13,6.05,6.17,6.02,277033.47,1
2021-10-22,6.07,5.94,6.09,5.91,324198.38,1
2021-10-25,5.95,6.01,6.06,5.93,239010.96,1
2021-10-26,6.03,5.94,6.07,5.86,437108.9,1
2021-10-27,5.97,5.7,5.99,5.66,557408.49,1
2021-10-28,5.72,5.54,5.76,5.49,510961.39,1
2021-10-29,5.6,5.66,5.72,5.53,424422.17,1
2021-11-01,5.7,5.99,6.0,5.68,661695.3,1
2021-11-02,6.0,5.74,6.02,5.67,778500.58,1
2021-11-03,5.78,5.87,5.9,5.69,439953.37,1
2021-11-04,5.83,5.88,5.89,5.75,368707.08,1
2021-11-05,5.89,5.77,5.9,5.75,365700.8,1
2021-11-08,5.82,5.75,5.83,5.68,282998.79,1
2021-11-09,5.8,5.82,5.86,5.71,306619.69,1
2021-11-10,5.82,5.75,5.82,5.63,311384.06,1
2021-11-11,5.73,5.74,5.84,5.71,265429.7,1
2021-11-12,5.8,5.77,5.82,5.71,292790.93,1
2021-11-15,5.76,5.76,5.78,5.65,267265.06,1
2021-11-16,5.77,5.67,5.77,5.64,315168.29,1
2021-11-17,5.62,5.7,5.71,5.59,206689.34,1
2021-11-18,5.7,5.91,6.17,5.67,938424.47,1
2021-11-19,5.95,6.04,6.06,5.85,534642.09,1
2021-11-22,6.04,6.06,6.09,5.95,421437.69,1
2021-11-23,6.03,6.21,6.21,5.99,661304.32,1
2021-11-24,6.22,6.14,6.31,6.11,548459.92,1
2021-11-25,6.13,6.01,6.19,6.0,454771.01,1
2021-11-26,6.03,6.2,6.24,6.03,531975.22,1
2021-11-29,6.12,6.19,6.27,6.03,462448.77,1
2021-11-30,6.23,6.13,6.24,6.07,364161.48,1
2021-12-01,6.14,6.12,6.17,6.1,349562.34,1
2021-12-02,6.13,6.02,6.29,6.01,525915.37,1
2021-12-03,6.06,6.08,6.13,6.02,360429.81,1
2021-12-06,6.03,6.05,6.22,6.02,551637.76,1
2021-12-07,6.12,6.02,6.12,5.88,409472.98,1
2021-12-08,6.03,6.18,6.21,6.02,560584.14,1
2021-12-09,6.18,6.13,6.2,6.09,386441.73,1
2021-12-10,6.14,6.3,6.42,6.1,694320.31,1
2021-12-13,6.33,6.49,6.77,6.33,941937.77,1
2021-12-14,6.45,6.56,6.7,6.4,729715.57,1
2021-12-15,6.54,6.39,6.55,6.37,531651.23,1
2021-12-16,6.4,6.49,6.52,6.27,474370.87,1
2021-12-17,6.49,6.39,6.49,6.34,398468.81,1
2021-12-20,6.4,6.31,6.46,6.26,411620.17,1
2021-12-21,6.32,6.39,6.39,6.24,376844.33,1
2021-12-22,6.4,6.33,6.44,6.32,318221.98,1
2021-12-23,6.34,6.27,6.36,6.26,307459.03,1
2021-12-24,6.25,6.39,6.45,6.25,664166.46,1
2021-12-27,6.39,6.62,6.64,6.29,900779.52,1
2021-12-28,6.58,6.38,6.59,6.34,662271.9,1
2021-12-29,6.38,6.48,6.66,6.34,686007.17,1
2021-12-30,6.42,6.49,6.56,6.37,458389.34,1
2021-12-31,6.54,6.54,6.67,6.51,477225.91,1
2022-01-04,6.56,6.61,6.69,6.51,554307.5,1
2022-01-05,6.63,6.56,6.78,6.52,771147.19,1
2022-01-06,6.53,6.54,6.71,6.49,580818.99,1
2022-01-07,6.52,6.07,6.52,6.05,1000353.14,1
2022-01-10,6.04,6.05,6.11,5.95,421734.7,1
2022-01-11,6.02,6.24,6.45,6.01,744838.23,1
2022-01-12,6.21,6.15,6.3,6.13,450466.73,1
2022-01-13,6.12,6.0,6.18,5.99,383854.32,1
2022-01-14,5.96,5.95,6.07,5.92,331384.0,1
2022-01-17,5.92,5.83,5.95,5.68,449423.96,1
2022-01-18,5.83,5.77,5.84,5.75,328220.26,1
2022-01-19,5.76,5.79,5.86,5.75,260658.1,1
2022-01-20,5.78,5.63,5.81,5.63,295248.57,1
2022-01-21,5.61,5.64,5.69,5.59,227459.16,1
2022-01-24,5.61,5.5,5.65,5.5,256223.55,1
2022-01-25,5.5,5.29,5.54,5.27,308056.05,1
2022-01-26,5.28,5.37,5.42,5.28,233703.77,1
2022-01-27,5.37,5.2,5.47,5.16,246876.48,1
2022-01-28,5.2,5.14,5.25,5.07,486370.37,1
2022-02-07,5.2,5.35,5.38,5.19,367670.04,1
2022-02-08,5.35,5.46,5.48,5.31,348185.33,1
2022-02-09,5.46,5.54,5.58,5.41,261319.78,1
2022-02-10,5.54,5.56,5.59,5.49,197342.71,1
2022-02-11,5.55,5.52,5.56,5.48,194576.37,1
2022-02-14,5.48,5.46,5.54,5.42,195262.16,1
2022-02-15,5.46,5.46,5.48,5.38,182610.17,1
2022-02-16,5.48,5.49,5.57,5.46,179675.42,1
2022-02-17,5.52,5.45,5.52,5.42,175158.39,1
2022-02-18,5.45,5.46,5.47,5.37,213236.85,1
2022-02-21,5.47,5.59,5.6,5.46,238746.9,1
2022-02-22,5.59,5.44,5.6,5.41,239341.0,1
2022-02-23,5.5,5.42,5.53,5.36,363870.84,1
2022-02-24,5.39,5.16,5.42,5.08,494182.15,1
2022-02-25,5.27,5.24,5.35,5.22,352553.99,1
2022-02-28,5.33,5.31,5.37,5.17,325550.84,1
2022-03-01,5.36,5.37,5.48,5.31,381379.61,1
2022-03-02,5.32,5.34,5.43,5.31,250053.0,1
2022-03-03,5.35,5.38,5.45,5.34,324453.54,1
2022-03-04,5.35,5.27,5.37,5.25,270738.29,1
2022-03-07,5.23,5.15,5.28,5.12,320109.84,1
2022-03-08,5.14,4.94,5.21,4.89,385630.88,1
2022-03-09,4.97,4.89,5.01,4.66,383475.15,1
2022-03-10,4.99,4.98,5.1,4.95,314571.47,1
2022-03-11,4.92,5.01,5.02,4.78,336519.86,1
2022-03-14,4.95,4.84,5.03,4.83,267357.06,1
2022-03-15,4.84,4.49,4.85,4.47,434961.14,1
2022-03-16,4.6,4.68,4.7,4.44,416355.8,1
2022-03-17,4.73,4.72,4.81,4.7,282164.1,1
2022-03-18,4.74,4.84,4.86,4.68,263332.33,1
2022-03-21,4.88,4.84,4.9,4.76,246306.53,1
2022-03-22,4.82,4.81,4.85,4.76,211308.14,1
2022-03-23,4.81,4.81,4.84,4.75,189515.11,1
2022-03-24,4.78,4.75,4.88,4.72,239693.92,1
2022-03-25,4.79,4.8,4.93,4.73,332027.19,1
2022-03-28,4.79,4.8,4.85,4.65,224015.75,1
2022-03-29,4.79,4.75,4.8,4.71,188857.11,1
2022-03-30,4.77,4.81,4.81,4.69,269837.8,1
2022-03-31,4.77,4.81,4.88,4.77,231847.42,1
2022-04-01,4.8,4.91,4.92,4.77,284733.0,1
2022-04-06,4.94,5.1,5.16,4.91,587309.0,1
2022-04-07,5.1,4.93,5.11,4.93,369444.0,1
2022-04-08,4.93,4.96,4.99,4.77,329068.0,1
2022-04-11,5.46,5.23,5.46,5.18,1345259.0,1
2022-04-12,5.13,5.15,5.23,4.92,1414461.0,1
2022-04-13,5.15,5.36,5.62,5.15,1974637.0,1
2022-04-14,5.24,5.34,5.51,5.2,1324060.0,1
2022-04-15,5.24,5.02,5.25,5.02,894439.0,1
2022-04-18,4.98,5.41,5.53,4.94,1430224.0,1
2022-04-19,5.43,5.56,5.61,5.33,1356924.0,1
2022-04-20,5.47,5.49,5.6,5.38,1078418.0,1
2022-04-21,5.45,5.54,5.7,5.28,1377524.0,1
2022-04-22,5.42,5.24,5.68,5.21,1050628.0,1
2022-04-25,5.14,5.03,5.39,4.87,1089792.0,1
2022-04-26,4.96,4.86,5.23,4.8,927685.0,1
2022-04-27,4.68,4.56,4.71,4.37,1248680.0,1
2022-04-28,4.57,4.68,4.9,4.55,1131957.0,1
2022-04-29,4.58,4.87,4.92,4.58,863648.0,1
2022-05-05,4.92,5.14,5.18,4.92,820895.0,1
2022-05-06,5.02,5.39,5.51,4.94,1174697.0,1
2022-05-09,5.72,5.94,5.94,5.39,1887943.0,1
2022-05-10,5.94,6.12,6.48,5.85,2829462.0,1
2022-05-11,6.07,6.24,6.51,5.96,2387085.0,1
2022-05-12,6.13,6.87,6.87,6.07,2361262.0,1
2022-05-13,7.57,7.57,7.57,7.36,1375772.0,1
2022-05-16,7.91,7.72,8.14,7.18,5073019.0,1
2022-05-17,7.72,8.5,8.5,7.4,3321889.0,1
2022-05-18,8.72,7.84,8.77,7.76,4511439.0,1
2022-05-19,7.92,8.12,8.24,7.61,3538146.0,1
2022-05-20,7.97,8.44,8.94,7.97,4784952.0,1
2022-05-23,8.52,9.29,9.29,8.43,5611125.0,1
2022-05-24,9.11,8.35,9.11,8.35,2667791.0,1
2022-05-25,7.94,7.51,8.02,7.51,3851306.0,1
2022-05-26,7.67,7.6,7.87,7.52,2488083.0,1
2022-05-27,7.58,7.92,8.05,7.58,2793166.0,1
2022-05-30,8.0,8.05,8.21,7.72,2489426.0,1
2022-05-31,7.97,8.22,8.5,7.69,3120292.0,1
2022-06-01,8.27,8.57,8.81,8.21,3205438.0,1
2022-06-02,8.66,9.44,9.44,8.41,4488471.0,1
2022-06-06,9.26,8.49,9.29,8.49,4021684.0,1
2022-06-07,8.44,8.61,8.78,8.35,2791542.0,1
2022-06-08,8.51,8.4,8.71,8.14,2337194.0,1
2022-06-09,8.32,7.61,8.39,7.57,2922700.0,1
2022-06-10,7.6,7.94,8.06,7.6,1938561.0,1
2022-06-13,7.92,7.95,8.15,7.79,1679313.0,1
2022-06-14,7.8,7.67,7.99,7.44,1922813.0,1
2022-06-15,7.6,7.08,7.61,7.03,2476842.0,1
2022-06-16,7.13,7.08,7.32,7.03,1605612.0,1
2022-06-17,7.04,7.08,7.17,6.95,1263160.0,1
2022-06-20,7.12,7.28,7.37,7.04,1414769.0,1
2022-06-21,7.27,7.05,7.27,6.95,1272122.0,1
2022-06-22,7.1,6.9,7.13,6.87,920609.0,1
2022-06-23,6.85,7.09,7.17,6.78,1374284.0,1
2022-06-24,7.05,7.05,7.21,6.97,1196735.0,1
2022-06-27,7.03,7.05,7.27,7.03,1273987.0,1
2022-06-28,7.0,7.11,7.24,6.93,1429177.0,1
2022-06-29,7.06,6.85,7.11,6.83,1204857.0,1
2022-06-30,6.85,7.17,7.33,6.85,1887734.0,1
2022-07-01,7.17,6.97,7.24,6.93,1230739.0,1
2022-07-04,6.96,7.11,7.23,6.84,1097918.0,1
2022-07-05,7.15,6.98,7.18,6.9,905614.0,1
2022-07-06,6.94,6.55,6.96,6.44,1491439.0,1
2022-07-07,6.59,6.66,6.81,6.56,896140.0,1
2022-07-08,6.67,6.62,6.78,6.62,553815.0,1
2022-07-11,6.6,6.58,6.74,6.53,577960.0,1
2022-07-12,6.57,6.44,6.58,6.36,620655.0,1
2022-07-13,6.47,6.82,6.86,6.47,1126993.0,1
2022-07-14,6.76,6.68,6.82,6.6,722848.0,1
2022-07-15,6.61,6.47,6.68,6.47,656053.0,1
2022-07-18,6.26,6.46,6.49,6.16,831155.0,1
2022-07-19,6.48,6.63,6.68,6.46,680159.0,1
2022-07-20,6.66,6.72,6.84,6.6,791601.0,1
2022-07-21,6.72,6.54,6.85,6.54,631407.0,1
2022-07-22,6.55,6.61,6.74,6.54,514691.0,1
2022-07-25,6.7,6.92,6.96,6.66,1253032.0,1
2022-07-26,6.87,6.86,7.01,6.78,875399.0,1
2022-07-27,6.83,6.62,6.85,6.57,802532.0,1
2022-07-28,6.64,6.61,6.75,6.59,523668.0,1
2022-07-29,6.62,6.44,6.63,6.4,662706.0,1
2022-08-01,6.36,6.41,6.48,6.31,412441.0,1
2022-08-02,6.31,5.85,6.33,5.79,1211939.0,1
2022-08-03,5.83,5.91,6.09,5.83,656365.0,1
2022-08-04,5.96,6.12,6.13,5.94,539660.0,1
2022-08-05,6.09,6.1,6.13,5.97,355872.0,1
2022-08-08,6.04,6.09,6.11,6.01,246704.0,1
2022-08-09,6.08,6.05,6.15,6.03,367526.0,1
2022-08-10,6.04,6.03,6.09,5.97,302823.0,1
2022-08-11,6.03,6.12,6.13,6.02,399278.0,1
2022-08-12,6.13,6.17,6.33,6.11,429367.0,1
2022-08-15,6.13,6.21,6.3,6.08,477657.0,1
2022-08-16,6.17,6.12,6.19,6.09,359861.0,1
2022-08-17,6.15,6.11,6.3,6.04,476768.0,1
2022-08-18,6.14,6.01,6.14,5.93,538144.0,1
2022-08-19,6.02,5.88,6.04,5.88,406057.0,1
2022-08-22,5.86,6.06,6.08,5.82,530493.0,1
2022-08-23,6.12,6.02,6.14,5.99,327435.0,1
2022-08-24,6.04,5.83,6.05,5.81,447440.0,1
2022-08-25,5.84,5.87,5.91,5.73,297271.0,1
2022-08-26,5.91,5.86,5.97,5.83,283080.0,1
2022-08-29,5.78,5.93,5.94,5.73,354931.0,1
2022-08-30,5.91,6.06,6.17,5.91,903414.0,1
2022-08-31,6.03,5.82,6.03,5.78,583233.0,1
2022-09-01,5.82,5.82,5.85,5.76,244684.0,1
2022-09-02,5.79,5.82,5.85,5.77,242221.0,1
2022-09-05,5.82,5.76,5.83,5.73,245469.0,1
2022-09-06,5.77,6.02,6.05,5.75,685249.0,1
2022-09-07,6.07,5.99,6.08,5.98,402086.0,1
2022-09-08,6.01,6.04,6.1,5.97,407445.0,1
2022-09-09,6.04,6.09,6.13,5.92,409480.0,1
2022-09-13,6.09,6.33,6.58,6.06,1195629.0,1
2022-09-14,6.17,6.07,6.23,6.06,707296.0,1
2022-09-15,6.09,6.16,6.27,6.02,789034.0,1
2022-09-16,6.16,5.83,6.18,5.83,620992.0,1
2022-09-19,5.79,5.67,5.81,5.63,402961.0,1
2022-09-20,5.7,5.68,5.75,5.66,242584.0,1
2022-09-21,5.66,5.8,5.84,5.54,442825.0,1
2022-09-22,5.74,5.75,5.86,5.72,240153.0,1
2022-09-23,5.79,5.76,5.84,5.63,386730.0,1
2022-09-26,5.67,5.59,5.75,5.58,306026.0,1
2022-09-27,5.59,5.75,5.75,5.54,301613.0,1
2022-09-28,5.69,5.59,5.75,5.54,271562.0,1
2022-09-29,5.62,5.55,5.64,5.54,174135.0,1
2022-09-30,5.58,5.48,5.58,5.48,169921.0,1
2022-10-10,5.48,5.16,5.49,5.13,338900.0,1
2022-10-11,5.19,5.23,5.24,5.14,174216.0,1
2022-10-12,5.22,5.33,5.34,5.1,280331.0,1
2022-10-13,5.28,5.28,5.33,5.22,214079.0,1
2022-10-14,5.31,5.49,5.56,5.29,428210.0,1
2022-10-17,5.48,5.61,5.63,5.44,333156.0,1
2022-10-18,5.64,5.61,5.73,5.56,379168.0,1
2022-10-19,5.57,5.58,5.68,5.51,313543.0,1
2022-10-20,5.62,5.56,5.71,5.55,340714.0,1
2022-10-21,5.51,5.48,5.58,5.46,297747.0,1
2022-10-24,5.49,5.3,5.55,5.27,289945.0,1
2022-10-25,5.28,5.2,5.33,5.1,338432.0,1
2022-10-26,5.21,5.39,5.46,5.21,365488.0,1
2022-10-27,5.43,5.39,5.47,5.39,230828.0,1
2022-10-28,5.36,5.1,5.38,5.09,446142.0,1
2022-10-31,5.07,5.18,5.26,5.06,236482.0,1
2022-11-01,5.2,5.36,5.39,5.17,330423.0,1
2022-11-02,5.33,5.38,5.43,5.31,260193.0,1
2022-11-03,5.41,5.41,5.57,5.38,365181.0,1
2022-11-04,5.37,5.51,5.54,5.35,395830.0,1
2022-11-07,5.64,5.6,5.67,5.56,406240.0,1
2022-11-08,5.62,5.55,5.62,5.5,239179.0,1
2022-11-09,5.81,5.81,5.96,5.67,857152.0,1
2022-11-10,5.74,5.64,5.78,5.62,551083.0,1
2022-11-11,5.71,5.58,5.75,5.57,501307.0,1
2022-11-14,5.57,5.52,5.61,5.5,305570.0,1
2022-11-15,5.52,5.61,5.61,5.5,299415.0,1
2022-11-16,5.59,5.59,5.67,5.57,254842.0,1
2022-11-17,5.57,5.58,5.58,5.49,256955.0,1
2022-11-18,5.6,5.63,5.69,5.59,383410.0,1
2022-11-21,5.6,5.49,5.61,5.43,336709.0,1
2022-11-22,5.48,5.51,5.61,5.44,313161.0,1
2022-11-23,5.47,5.39,5.49,5.37,278971.0,1
2022-11-24,5.4,5.38,5.47,5.37,187965.0,1
2022-11-25,5.4,5.42,5.43,5.36,162312.0,1
2022-11-28,5.34,5.31,5.35,5.22,365936.0,1
2022-11-29,5.38,5.62,5.66,5.36,729758.0,1
2022-11-30,5.6,5.62,5.65,5.53,317977.0,1
2022-12-01,5.68,5.74,5.85,5.64,579078.0,1
2022-12-02,5.7,5.76,5.79,5.69,330870.0,1
2022-12-05,5.78,5.82,5.89,5.77,413948.0,1
2022-12-06,5.77,5.92,6.07,5.76,769118.0,1
2022-12-07,5.87,5.98,6.05,5.87,673388.0,1
2022-12-08,6.02,6.02,6.14,5.9,848962.0,1
2022-12-09,6.01,5.93,6.03,5.84,602157.0,1
2022-12-12,5.87,5.76,5.9,5.74,455873.0,1
2022-12-13,5.81,5.88,5.93,5.77,417639.0,1
2022-12-14,5.88,6.11,6.17,5.81,1054353.0,1
2022-12-15,6.13,6.05,6.34,6.01,1157155.0,1
2022-12-16,6.01,6.0,6.16,5.94,719680.0,1
2022-12-19,5.92,5.74,5.95,5.69,565188.0,1
2022-12-20,5.72,5.66,5.72,5.57,297351.0,1
2022-12-21,5.7,5.79,5.89,5.67,474312.0,1
2022-12-22,5.85,5.72,5.93,5.69,539574.0,1
2022-12-23,5.68,5.75,5.88,5.64,418680.0,1
2022-12-26,5.71,5.74,5.83,5.64,329240.0,1
2022-12-27,5.79,6.32,6.32,5.73,1134502.0,1
2022-12-28,6.38,6.28,6.68,6.25,2361485.0,1
2022-12-29,6.28,6.11,6.31,6.07,1253843.0,1
2022-12-30,6.14,6.39,6.51,6.11,1547222.0,1
2023-01-03,6.42,6.44,6.51,6.29,1215041.0,1
2023-01-04,6.37,6.25,6.41,6.22,944150.0,1
2023-01-05,6.27,6.4,6.46,6.21,1063668.0,1
2023-01-06,6.4,6.22,6.4,6.22,721176.0,1
2023-01-09,6.22,6.22,6.31,6.12,573227.0,1
2023-01-10,6.17,6.13,6.2,6.08,443212.0,1
2023-01-11,6.14,6.0,6.18,5.95,592525.0,1
2023-01-12,6.0,6.04,6.09,5.93,471837.0,1
2023-01-13,6.04,6.18,6.21,6.03,581353.0,1
2023-01-16,6.16,6.13,6.2,6.11,420340.0,1
2023-01-17,6.12,6.15,6.19,6.05,316954.0,1
2023-01-18,6.15,6.17,6.26,6.14,347632.0,1
2023-01-19,6.14,6.07,6.15,6.05,325002.0,1
2023-01-20,6.11,6.15,6.18,6.07,398783.0,1
2023-01-30,6.19,6.21,6.32,6.19,563550.0,1
2023-01-31,6.18,6.37,6.43,6.16,788452.0,1
2023-02-01,6.34,6.39,6.39,6.29,528851.0,1
2023-02-02,6.41,6.36,6.42,6.32,388477.0,1
2023-02-03,6.34,6.27,6.36,6.17,472566.0,1
2023-02-06,6.25,6.13,6.26,6.12,357320.0,1
2023-02-07,6.14,6.16,6.19,6.09,320687.0,1
2023-02-08,6.16,6.03,6.17,6.01,409278.0,1
2023-02-09,5.99,6.09,6.09,5.97,298146.0,1
2023-02-10,6.19,6.13,6.24,6.09,447607.0,1
2023-02-13,6.11,6.17,6.19,6.08,319060.0,1
2023-02-14,6.21,6.13,6.22,6.1,244172.0,1
2023-02-15,6.14,6.07,6.15,6.05,307431.0,1
2023-02-16,6.06,5.93,6.1,5.84,444100.0,1
2023-02-17,5.93,5.92,5.98,5.89,247961.0,1
2023-02-20,5.9,6.07,6.07,5.9,310966.0,1
2023-02-21,6.07,6.06,6.11,6.0,234720.0,1
2023-02-22,6.03,6.12,6.13,6.01,305078.0,1
2023-02-23,6.13,6.1,6.19,6.07,255638.0,1
2023-02-24,6.1,6.07,6.11,6.03,148457.0,1
2023-02-27,6.04,5.98,6.05,5.96,170978.0,1
2023-02-28,5.98,6.03,6.03,5.96,122544.0,1
2023-03-01,6.03,6.04,6.05,5.99,162048.0,1
2023-03-02,6.05,6.01,6.08,6.0,201102.0,1
2023-03-03,6.0,5.97,6.03,5.94,219451.0,1
2023-03-06,5.98,5.93,6.0,5.91,185993.0,1
2023-03-07,5.93,5.79,5.94,5.76,290492.0,1
2023-03-08,5.74,5.85,5.85,5.74,172791.0,1
2023-03-09,5.86,5.77,5.86,5.76,144738.0,1
2023-03-10,5.74,5.7,5.79,5.69,186575.0,1
2023-03-13,5.69,5.76,5.76,5.66,170028.0,1
2023-03-14,5.76,5.83,5.9,5.73,239728.0,1
2023-03-15,5.83,5.82,5.84,5.79,127231.0,1
2023-03-16,5.8,5.72,5.81,5.7,129645.0,1
2023-03-17,5.75,5.78,5.83,5.75,179211.0,1
2023-03-20,5.8,5.72,5.8,5.7,173498.0,1
2023-03-21,5.75,5.86,5.88,5.72,228174.0,1
2023-03-22,5.88,5.9,5.97,5.86,205799.0,1
2023-03-23,5.86,6.0,6.03,5.85,325576.0,1
2023-03-24,6.0,5.95,6.03,5.94,217233.0,1
2023-03-27,5.96,6.01,6.03,5.92,203904.0,1
2023-03-28,6.0,5.91,6.01,5.9,151739.0,1
2023-03-29,5.91,5.87,5.96,5.86,153289.0,1
2023-03-30,5.86,5.7,5.86,5.58,457853.0,1
2023-03-31,5.69,5.86,5.86,5.66,278613.0,1
2023-04-03,5.86,5.85,5.88,5.76,215976.0,1
2023-04-04,5.84,5.84,5.92,5.8,190490.0,1
2023-04-06,5.83,5.71,5.86,5.71,233529.0,1
2023-04-07,5.73,5.71,5.75,5.69,154772.0,1
2023-04-10,5.74,5.64,5.74,5.62,172245.0,1
2023-04-11,5.66,5.65,5.7,5.61,121243.0,1
2023-04-12,5.66,5.62,5.68,5.58,180659.0,1
2023-04-13,5.68,5.68,5.77,5.63,276464.0,1
2023-04-14,5.7,5.59,5.7,5.54,245529.0,1
2023-04-17,5.59,5.61,5.64,5.56,183988.0,1
2023-04-18,5.59,5.62,5.65,5.57,145403.0,1
2023-04-19,5.61,5.51,5.63,5.51,204097.0,1
2023-04-20,5.55,5.57,5.59,5.46,184781.0,1
2023-04-21,5.58,5.35,5.58,5.34,328748.0,1
2023-04-24,5.34,5.33,5.4,5.27,149725.0,1
2023-04-25,5.34,5.29,5.37,5.21,204544.0,1
2023-04-26,5.33,5.35,5.4,5.29,123143.0,1
2023-04-27,5.34,5.35,5.39,5.29,117163.0,1
2023-04-28,5.3,5.44,5.44,5.29,160094.0,1
2023-05-04,5.44,5.45,5.47,5.39,142164.0,1
2023-05-05,5.46,5.43,5.46,5.36,127770.0,1
2023-05-08,5.42,5.47,5.51,5.39,189572.0,1
2023-05-09,5.51,5.39,5.51,5.37,157862.0,1
2023-05-10,5.38,5.4,5.43,5.36,112740.0,1
2023-05-11,5.41,5.49,5.52,5.41,210954.0,1
2023-05-12,5.46,5.41,5.5,5.39,162925.0,1
2023-05-15,5.38,5.38,5.38,5.24,198644.0,1
2023-05-16,5.37,5.25,5.37,5.23,176866.0,1
2023-05-17,5.22,5.25,5.28,5.21,103218.0,1
2023-05-18,5.26,5.25,5.31,5.21,125084.0,1
2023-05-19,5.23,5.17,5.26,5.15,184777.0,1
2023-05-22,5.24,5.3,5.35,5.23,293641.0,1
2023-05-23,5.28,5.15,5.3,5.14,211561.0,1
2023-05-24,5.13,5.04,5.16,5.04,248907.0,1
2023-05-25,5.0,5.01,5.05,4.94,183138.0,1
2023-05-26,5.01,5.0,5.02,4.95,103716.0,1
2023-05-29,5.0,5.01,5.02,4.97,101117.0,1
2023-05-30,5.0,5.06,5.06,4.95,130672.0,1
2023-05-31,5.05,5.0,5.06,4.99,109121.0,1
2023-06-01,5.0,5.04,5.09,4.99,127550.0,1
2023-06-02,5.04,5.1,5.12,5.03,122332.0,1
2023-06-05,5.11,5.1,5.14,5.07,125029.0,1
2023-06-06,5.1,5.0,5.1,4.99,140159.0,1
2023-06-07,4.99,5.04,5.1,4.98,87161.0,1
2023-06-08,5.02,5.05,5.07,5.0,92319.0,1
2023-06-09,5.05,5.01,5.08,5.01,137551.0,1
2023-06-12,5.01,5.05,5.07,4.99,153132.0,1
2023-06-13,5.05,5.0,5.07,5.0,186414.0,1
2023-06-14,5.01,5.05,5.1,5.0,266501.0,1
2023-06-15,5.1,5.06,5.12,5.02,177035.0,1
2023-06-16,5.07,5.21,5.31,5.04,603076.0,1
2023-06-19,5.16,5.22,5.25,5.12,351699.0,1
2023-06-20,5.2,5.17,5.23,5.16,171646.0,1
2023-06-21,5.17,5.27,5.37,5.17,423212.0,1
2023-06-26,5.23,5.15,5.32,5.14,346341.0,1
2023-06-27,5.15,5.12,5.2,5.12,253311.0,1
2023-06-28,5.12,5.1,5.16,5.05,291315.0,1
2023-06-29,5.1,5.06,5.15,5.05,181722.0,1
2023-06-30,5.03,5.08,5.11,5.03,167394.0,1
2023-07-03,5.1,5.29,5.36,5.09,590148.0,1
2023-07-04,5.27,5.22,5.32,5.2,265125.0,1
2023-07-05,5.24,5.18,5.24,5.16,177821.0,1
2023-07-06,5.17,5.15,5.19,5.13,132717.0,1
2023-07-07,5.15,5.24,5.33,5.14,409154.0,1
2023-07-10,5.25,5.22,5.26,5.19,142984.0,1
2023-07-11,5.26,5.26,5.27,5.21,146838.0,1
2023-07-12,5.24,5.18,5.24,5.16,172268.0,1
2023-07-13,5.18,5.21,5.23,5.17,149036.0,1
2023-07-14,5.21,5.23,5.25,5.19,138233.0,1
2023-07-17,5.23,5.21,5.24,5.19,108611.0,1
2023-07-18,5.2,5.16,5.2,5.09,197378.0,1
2023-07-19,5.15,5.23,5.26,5.09,206321.0,1
2023-07-20,5.21,5.2,5.27,5.19,189264.0,1
2023-07-21,5.2,5.27,5.33,5.19,269269.0,1
2023-07-24,5.26,5.22,5.3,5.21,144314.0,1
2023-07-25,5.24,5.34,5.36,5.24,404001.0,1
2023-07-26,5.34,5.31,5.34,5.28,173044.0,1
2023-07-27,5.31,5.3,5.33,5.28,127698.0,1
2023-07-28,5.28,5.32,5.34,5.25,205814.0,1
2023-07-31,5.25,5.37,5.38,5.24,339236.0,1
2023-08-01,5.38,5.35,5.39,5.33,182281.0,1
2023-08-02,5.35,5.34,5.38,5.32,165270.0,1
2023-08-03,5.32,5.34,5.35,5.29,171612.0,1
2023-08-04,5.35,5.33,5.39,5.31,179981.0,1
2023-08-07,5.32,5.26,5.34,5.24,207035.0,1
2023-08-08,5.26,5.22,5.27,5.19,148575.0,1
2023-08-09,5.2,5.16,5.25,5.15,203165.0,1
2023-08-10,5.16,5.2,5.22,5.16,111953.0,1
2023-08-11,5.2,5.12,5.23,5.12,182454.0,1
2023-08-14,5.09,5.15,5.17,5.08,142995.0,1
2023-08-15,5.16,5.12,5.2,5.09,134348.0,1
2023-08-16,5.09,4.86,5.09,4.84,671186.0,1
2023-08-17,4.87,4.91,4.93,4.78,281290.0,1
2023-08-18,4.88,4.82,5.0,4.82,226681.0,1
2023-08-21,4.84,4.78,4.87,4.78,178049.0,1
2023-08-22,4.8,4.75,4.82,4.68,250903.0,1
2023-08-23,4.74,4.69,4.78,4.68,134862.0,1
2023-08-24,4.69,4.66,4.74,4.64,162181.0,1
2023-08-25,4.66,4.61,4.7,4.59,164024.0,1
2023-08-28,4.76,4.61,4.8,4.59,321625.0,1
2023-08-29,4.6,4.65,4.67,4.59,401810.0,1
2023-08-30,4.66,4.58,4.68,4.57,318544.0,1
2023-08-31,4.58,4.49,4.59,4.46,300983.0,1
2023-09-01,4.49,4.48,4.51,4.47,205709.0,1
2023-09-04,4.5,4.58,4.59,4.48,428126.0,1
2023-09-05,4.56,4.51,4.59,4.48,319234.0,1
2023-09-06,4.51,4.5,4.51,4.47,182046.0,1
2023-09-07,4.5,4.37,4.5,4.36,392969.0,1
2023-09-08,4.36,4.34,4.37,4.33,235479.0,1
2023-09-11,4.34,4.41,4.43,4.33,334907.0,1
2023-09-12,4.41,4.43,4.47,4.4,234504.0,1
2023-09-13,4.43,4.43,4.45,4.41,269606.0,1
2023-09-14,4.46,4.43,4.47,4.41,166364.0,1
2023-09-15,4.43,4.39,4.44,4.38,149832.0,1
2023-09-18,4.41,4.5,4.52,4.39,366437.0,1
2023-09-19,4.5,4.45,4.51,4.44,187726.0,1
2023-09-20,4.44,4.41,4.46,4.39,162045.0,1
2023-09-21,4.41,4.41,4.43,4.38,168858.0,1
2023-09-22,4.4,4.48,4.49,4.39,191477.0,1
2023-09-25,4.47,4.41,4.47,4.39,159920.0,1
2023-09-26,4.41,4.38,4.42,4.37,109118.0,1
2023-09-27,4.38,4.4,4.42,4.38,115863.0,1
2023-09-28,4.4,4.41,4.43,4.4,119453.0,1
2023-10-09,4.42,4.64,4.81,4.42,902669.0,1
2023-10-10,4.61,4.65,4.72,4.54,541451.0,1
2023-10-11,4.63,4.62,4.66,4.6,248952.0,1
2023-10-12,4.64,4.64,4.66,4.62,188938.0,1
2023-10-13,4.62,4.57,4.63,4.55,220836.0,1
2023-10-16,4.58,4.57,4.6,4.54,177904.0,1
2023-10-17,4.58,4.53,4.6,4.5,141632.0,1
2023-10-18,4.51,4.56,4.59,4.47,247540.0,1
2023-10-19,4.52,4.43,4.53,4.43,221745.0,1
2023-10-20,4.43,4.4,4.48,4.4,143652.0,1
2023-10-23,4.38,4.23,4.42,4.21,223259.0,1
2023-10-24,4.24,4.27,4.31,4.22,160676.0,1
2023-10-25,4.3,4.31,4.36,4.29,158997.0,1
2023-10-26,4.3,4.27,4.31,4.23,153655.0,1
2023-10-27,4.24,4.34,4.36,4.23,162714.0,1
2023-10-30,4.33,4.36,4.38,4.32,207625.0,1
2023-10-31,4.38,4.36,4.41,4.32,144461.0,1
2023-11-01,4.41,4.37,4.44,4.34,144711.0,1
2023-11-02,4.36,4.32,4.39,4.31,160916.0,1
2023-11-03,4.32,4.36,4.36,4.31,115102.0,1
2023-11-06,4.37,4.45,4.45,4.37,244562.0,1
2023-11-07,4.47,4.43,4.48,4.4,159266.0,1
2023-11-08,4.42,4.43,4.46,4.4,146107.0,1
2023-11-09,4.42,4.38,4.44,4.37,166020.0,1
2023-11-10,4.36,4.34,4.36,4.31,135648.0,1
2023-11-13,4.36,4.42,4.42,4.35,161200.0,1
2023-11-14,4.41,4.45,4.46,4.4,195237.0,1
2023-11-15,4.48,4.45,4.49,4.43,163163.0,1
2023-11-16,4.46,4.43,4.47,4.41,118933.0,1
2023-11-17,4.41,4.44,4.45,4.39,128460.0,1
2023-11-20,4.46,4.46,4.49,4.42,147292.0,1
2023-11-21,4.46,4.47,4.5,4.45,187993.0,1
2023-11-22,4.49,4.92,4.92,4.49,933960.0,1
2023-11-23,4.92,4.85,5.17,4.77,1639493.0,1
2023-11-24,4.83,5.01,5.27,4.72,1311018.0,1
2023-11-27,4.93,4.83,4.96,4.81,699703.0,1
2023-11-28,4.84,4.78,4.84,4.73,372670.0,1
2023-11-29,4.77,4.68,4.79,4.66,411877.0,1
2023-11-30,4.67,4.66,4.71,4.62,262033.0,1
2023-12-01,4.66,4.7,4.72,4.64,318083.0,1
2023-12-04,4.71,4.67,4.73,4.67,314343.0,1
2023-12-05,4.68,4.62,4.75,4.62,334857.0,1
2023-12-06,4.59,4.6,4.64,4.57,304551.0,1
2023-12-07,4.6,4.64,4.66,4.54,297179.0,1
2023-12-08,4.63,4.72,4.73,4.55,762333.0,1
2023-12-11,4.68,4.76,4.83,4.66,461100.0,1
2023-12-12,4.74,4.75,4.82,4.71,298023.0,1
2023-12-13,4.74,4.66,4.77,4.65,279500.0,1
2023-12-14,4.67,4.78,4.82,4.67,467477.0,1
2023-12-15,4.78,4.73,4.8,4.69,262714.0,1
2023-12-18,4.7,4.6,4.72,4.56,328002.0,1
2023-12-19,4.61,4.57,4.65,4.51,216404.0,1
2023-12-20,4.55,4.47,4.58,4.46,226630.0,1
2023-12-21,4.44,4.48,4.52,4.4,187392.0,1
2023-12-22,4.48,4.42,4.5,4.4,201396.0,1
2023-12-25,4.42,4.38,4.45,4.38,125993.0,1
2023-12-26,4.38,4.38,4.4,4.36,130568.0,1
2023-12-27,4.37,4.41,4.41,4.34,153797.0,1
2023-12-28,4.4,4.46,4.47,4.37,225079.0,1
2023-12-29,4.45,4.46,4.48,4.42,160275.0,1
2024-01-02,4.46,4.42,4.49,4.42,186795.0,1
2024-01-03,4.4,4.39,4.42,4.36,167942.0,1
2024-01-04,4.39,4.38,4.4,4.35,121504.0,1
2024-01-05,4.38,4.29,4.39,4.27,192778.0,1
2024-01-08,4.26,4.24,4.28,4.23,134691.0,1
2024-01-09,4.24,4.26,4.3,4.23,105916.0,1
2024-01-10,4.26,4.26,4.29,4.19,130058.0,1
2024-01-11,4.26,4.35,4.36,4.25,156510.0,1
2024-01-12,4.33,4.32,4.38,4.32,111668.0,1
2024-01-15,4.3,4.34,4.37,4.29,90272.0,1
2024-01-16,4.32,4.33,4.37,4.27,117424.0,1
2024-01-17,4.32,4.25,4.33,4.25,85938.0,1
2024-01-18,4.23,4.16,4.25,4.02,324922.0,1
2024-01-19,4.17,4.13,4.18,4.12,105045.0,1
2024-01-22,4.13,3.89,4.13,3.85,238410.0,1
2024-01-23,3.88,3.91,3.94,3.81,166868.0,1
2024-01-24,3.94,4.04,4.04,3.86,200499.0,1
2024-01-25,4.04,4.19,4.19,4.02,234659.0,1
2024-01-26,4.17,4.23,4.33,4.16,225262.0,1
2024-01-29,4.24,4.14,4.25,4.12,161830.0,1
2024-01-30,4.16,4.01,4.21,3.99,201814.0,1
2024-01-31,3.91,3.69,4.02,3.67,551555.0,1
2024-02-01,3.64,3.65,3.77,3.57,303395.0,1
2024-02-02,3.64,3.52,3.76,3.39,361820.0,1
2024-02-05,3.5,3.18,3.5,3.17,482533.0,1
2024-02-06,3.15,3.48,3.5,3.11,491443.0,1
2024-02-07,3.49,3.64,3.7,3.48,432308.0,1
2024-02-08,3.67,3.78,3.87,3.65,442502.0,1
2024-02-19,3.83,3.75,3.85,3.69,348385.0,1
2024-02-20,3.78,3.73,3.78,3.66,249573.0,1
2024-02-21,3.7,3.78,3.87,3.66,376347.0,1
2024-02-22,3.78,3.82,3.83,3.75,229537.0,1
2024-02-23,3.82,3.88,3.88,3.78,286697.0,1
2024-02-26,3.97,3.95,4.03,3.91,417960.0,1
2024-02-27,3.96,4.06,4.1,3.95,394999.0,1
2024-02-28,4.03,3.84,4.11,3.83,549977.0,1
2024-02-29,3.83,3.98,3.98,3.8,341980.0,1
2024-03-01,3.97,3.94,4.01,3.9,329680.0,1
2024-03-04,3.94,3.9,3.95,3.82,350357.0,1
2024-03-05,3.87,3.83,3.87,3.78,283532.0,1
2024-03-06,3.82,3.82,3.86,3.75,236198.0,1
2024-03-07,3.84,3.76,3.85,3.76,269965.0,1
2024-03-08,3.76,3.77,3.79,3.69,222652.0,1
2024-03-11,3.77,3.87,3.87,3.75,245969.0,1
2024-03-12,3.88,3.91,3.92,3.86,285860.0,1
2024-03-13,3.91,3.91,3.93,3.85,219645.0,1
2024-03-14,3.91,3.88,3.95,3.83,218657.0,1
2024-03-15,3.88,3.95,3.95,3.86,254231.0,1
2024-03-18,3.98,4.0,4.0,3.94,219552.0,1
2024-03-19,3.98,3.93,4.0,3.93,255034.0,1
2024-03-20,3.93,3.99,4.0,3.92,229087.0,1
2024-03-21,3.99,3.98,4.02,3.95,226298.0,1
2024-03-22,3.98,3.91,4.0,3.88,225605.0,1
2024-03-25,3.9,3.78,3.91,3.75,247683.0,1
2024-03-26,3.77,3.81,3.82,3.75,183464.0,1
2024-03-27,3.8,3.65,3.8,3.65,242672.0,1
2024-03-28,3.65,3.75,3.79,3.65,245699.0,1
2024-03-29,3.75,3.78,3.79,3.73,160947.0,1
2024-04-01,3.79,3.86,3.86,3.79,205865.0,1
2024-04-02,3.88,3.87,3.89,3.84,177740.0,1
2024-04-03,3.87,3.84,3.89,3.83,154494.0,1
2024-04-08,3.84,3.74,3.85,3.74,239064.0,1
2024-04-09,3.75,3.79,3.8,3.74,174011.0,1
2024-04-10,3.79,3.72,3.79,3.69,189272.0,1
2024-04-11,3.7,3.72,3.76,3.68,183314.0,1
2024-04-12,3.71,3.6,3.73,3.58,364471.0,1
2024-04-15,3.64,3.5,3.64,3.45,326787.0,1
2024-04-16,3.5,3.34,3.53,3.32,332807.0,1
2024-04-17,3.35,3.52,3.52,3.35,301695.0,1
2024-04-18,3.52,3.45,3.53,3.44,232627.0,1
2024-04-19,3.44,3.4,3.48,3.38,259430.0,1
2024-04-22,3.4,3.38,3.44,3.33,174278.0,1
2024-04-23,3.39,3.42,3.43,3.36,174785.0,1
2024-04-24,3.43,3.42,3.43,3.37,213983.0,1
2024-04-25,3.42,3.5,3.52,3.39,254546.0,1
2024-04-26,3.47,3.55,3.55,3.46,253478.0,1
2024-04-29,3.53,3.61,3.62,3.52,290218.0,1
2024-04-30,3.6,3.59,3.63,3.55,212974.0,1
2024-05-06,3.64,3.65,3.7,3.63,238002.0,1
2024-05-07,3.66,3.64,3.66,3.62,151741.0,1
2024-05-08,3.63,3.55,3.64,3.55,195169.0,1
2024-05-09,3.53,3.6,3.62,3.53,156425.0,1
2024-05-10,3.61,3.55,3.62,3.53,169225.0,1
2024-05-13,3.54,3.48,3.55,3.46,203167.0,1
2024-05-14,3.48,3.52,3.55,3.47,166858.0,1
2024-05-15,3.51,3.47,3.52,3.47,135323.0,1
2024-05-16,3.47,3.5,3.54,3.47,171400.0,1
2024-05-17,3.5,3.56,3.56,3.49,239636.0,1
2024-05-20,3.56,3.55,3.59,3.53,202879.0,1
2024-05-21,3.54,3.48,3.54,3.46,210086.0,1
2024-05-22,3.48,3.51,3.52,3.47,145427.0,1
2024-05-23,3.5,3.38,3.5,3.38,307027.0,1
2024-05-24,3.38,3.35,3.42,3.35,166461.0,1
2024-05-27,3.37,3.38,3.39,3.34,184872.0,1
2024-05-28,3.39,3.32,3.4,3.32,190634.0,1
2024-05-29,3.31,3.29,3.35,3.28,174632.0,1
2024-05-30,3.28,3.26,3.3,3.24,171397.0,1
2024-05-31,3.28,3.3,3.32,3.27,147403.0,1
2024-06-03,3.29,3.19,3.31,3.17,273584.0,1
2024-06-04,3.19,3.21,3.23,3.15,211534.0,1
2024-06-05,3.2,3.17,3.23,3.17,153506.0,1
2024-06-06,3.18,3.04,3.2,3.03,375589.0,1
2024-06-07,3.1,3.11,3.12,3.04,204555.0,1
2024-06-11,3.1,3.1,3.12,3.05,160014.0,1
2024-06-12,3.1,3.12,3.14,3.09,159515.0,1
2024-06-13,3.12,3.05,3.13,3.04,171769.0,1
2024-06-14,3.04,3.03,3.06,2.99,203666.0,1
2024-06-17,3.02,2.97,3.05,2.95,272718.0,1
2024-06-18,2.97,3.0,3.02,2.96,180246.0,1
2024-06-19,3.0,2.95,3.01,2.95,165742.0,1
2024-06-20,2.95,2.84,2.95,2.83,312708.0,1
2024-06-21,2.85,2.86,2.89,2.84,192205.0,1
2024-06-24,2.85,2.75,2.85,2.72,274700.0,1
2024-06-25,2.74,2.75,2.79,2.73,169730.0,1
2024-06-26,2.75,2.88,2.93,2.68,337930.0,1
2024-06-27,2.87,2.81,2.89,2.8,231587.0,1
2024-06-28,2.84,2.83,2.89,2.81,211085.0,1
2024-07-01,2.83,2.86,2.87,2.79,147458.0,1
2024-07-02,2.85,2.91,2.93,2.84,214833.0,1
2024-07-03,2.9,2.93,2.95,2.89,175430.0,1
2024-07-04,2.94,2.83,2.95,2.8,208181.0,1
2024-07-05,2.84,2.85,2.87,2.8,163315.0,1
2024-07-08,2.84,2.75,2.84,2.73,238925.0,1
2024-07-09,2.75,2.8,2.81,2.66,268178.0,1
2024-07-10,2.78,2.75,2.82,2.74,158038.0,1
2024-07-11,2.8,2.87,2.88,2.8,253514.0,1
2024-07-12,2.86,2.85,2.89,2.84,179905.0,1
2024-07-15,2.85,2.8,2.86,2.78,158848.0,1
2024-07-16,2.78,2.79,2.81,2.76,127191.0,1
2024-07-17,2.79,2.8,2.83,2.77,167479.0,1
2024-07-18,2.78,2.82,2.82,2.74,163148.0,1
2024-07-19,2.81,2.83,2.83,2.76,193792.0,1
2024-07-22,2.82,2.83,2.85,2.81,164198.0,1
2024-07-23,2.83,2.83,2.93,2.82,333000.0,1
2024-07-24,2.83,2.78,2.86,2.77,259623.0,1
2024-07-25,2.75,2.81,2.83,2.74,189304.0,1
2024-07-26,2.82,2.88,2.88,2.81,191410.0,1
2024-07-29,2.87,2.88,2.9,2.83,164884.0,1
2024-07-30,2.89,2.93,2.94,2.87,214946.0,1
2024-07-31,2.94,3.03,3.04,2.92,332692.0,1
2024-08-01,3.02,3.01,3.04,2.99,188883.0,1
2024-08-02,2.99,2.98,3.02,2.97,207170.0,1
2024-08-05,2.96,2.96,3.03,2.95,258851.0,1
2024-08-06,2.98,3.0,3.02,2.97,165121.0,1
2024-08-07,3.0,2.98,3.01,2.95,139599.0,1
2024-08-08,2.97,2.99,3.0,2.94,147311.0,1
2024-08-09,3.0,2.97,3.03,2.97,165856.0,1
2024-08-12,2.97,2.94,2.97,2.92,150661.0,1
2024-08-13,2.93,2.93,2.95,2.89,130802.0,1
2024-08-14,2.94,2.92,2.96,2.92,109909.0,1
2024-08-15,2.91,2.95,2.97,2.89,176758.0,1
2024-08-16,2.96,2.89,2.97,2.88,145824.0,1
2024-08-19,2.87,2.92,2.93,2.86,126517.0,1
2024-08-20,2.91,2.83,2.92,2.81,197763.0,1
2024-08-21,2.81,2.79,2.84,2.77,141667.0,1
2024-08-22,2.77,2.74,2.79,2.72,162135.0,1
2024-08-23,2.73,2.72,2.76,2.71,146301.0,1
2024-08-26,2.72,2.78,2.79,2.72,126325.0,1
2024-08-27,2.77,2.73,2.79,2.71,130425.0,1
2024-08-28,2.72,2.76,2.77,2.7,132488.0,1
2024-08-29,2.75,2.81,2.82,2.73,148569.0,1
2024-08-30,2.81,2.89,2.93,2.8,248621.0,1
2024-09-02,2.89,2.83,2.9,2.82,157385.0,1
2024-09-03,2.83,2.86,2.87,2.82,169079.0,1
2024-09-04,2.84,2.82,2.88,2.81,123549.0,1
2024-09-05,2.82,2.84,2.86,2.82,100314.0,1
2024-09-06,2.85,2.79,2.86,2.79,141056.0,1
2024-09-09,2.77,2.79,2.86,2.76,136829.0,1
2024-09-10,2.81,2.82,2.83,2.76,153145.0,1
2024-09-11,2.8,2.79,2.82,2.77,123940.0,1
2024-09-12,2.78,2.82,2.84,2.78,138652.0,1
2024-09-13,2.82,3.1,3.1,2.79,882760.0,1
2024-09-18,3.02,3.03,3.08,2.96,832375.0,1
2024-09-19,3.04,3.16,3.21,2.99,976188.0,1
2024-09-20,3.16,3.23,3.29,3.13,989928.0,1
2024-09-23,3.19,3.42,3.55,3.15,1536514.0,1
2024-09-24,3.32,3.36,3.37,3.21,1175067.0,1
2024-09-25,3.35,3.31,3.47,3.31,963594.0,1
2024-09-26,3.29,3.38,3.38,3.27,787693.0,1
2024-09-27,3.48,3.56,3.62,3.44,1098827.0,1
2024-09-30,3.85,3.92,3.92,3.7,1533761.0,1
2024-10-08,4.31,4.28,4.31,3.94,1658284.0,1
2024-10-09,4.19,3.85,4.19,3.85,1113312.0,1
2024-10-10,3.88,3.86,4.0,3.79,732197.0,1
2024-10-11,3.86,3.65,3.86,3.61,673216.0,1
2024-10-14,3.65,3.68,3.7,3.54,586253.0,1
2024-10-15,3.7,3.61,3.73,3.6,507611.0,1
2024-10-16,3.56,3.64,3.68,3.55,407054.0,1
2024-10-17,3.64,3.75,3.9,3.62,908201.0,1
2024-10-18,3.71,3.89,3.94,3.64,960468.0,1
2024-10-21,3.98,4.14,4.23,3.95,1151476.0,1
2024-10-22,4.18,4.04,4.18,4.0,705362.0,1
2024-10-23,4.04,4.42,4.45,4.03,1949017.0,1
2024-10-24,4.36,4.37,4.61,4.28,1583960.0,1
2024-10-25,4.52,4.81,4.81,4.44,1387620.0,1
2024-10-28,5.29,5.29,5.29,5.29,221742.0,1
2024-10-29,5.82,5.75,5.82,5.44,4410582.0,1
2024-10-30,5.55,5.9,6.08,5.21,3953238.0,1
2024-10-31,5.79,6.24,6.49,5.72,3270007.0,1
2024-11-01,6.39,5.62,6.49,5.62,3257686.0,1
2024-11-04,5.15,5.65,5.98,5.15,2203258.0,1
2024-11-05,5.68,5.72,5.92,5.55,1882333.0,1
2024-11-06,5.73,5.63,5.98,5.58,2082821.0,1
2024-11-07,5.49,5.58,5.67,5.4,1564087.0,1
2024-11-08,5.79,5.65,5.84,5.6,1489541.0,1
2024-11-11,5.63,5.54,5.77,5.46,1379769.0,1
2024-11-12,5.65,5.49,5.73,5.39,1318470.0,1
2024-11-13,5.45,5.38,5.48,5.27,945432.0,1
2024-11-14,5.33,5.11,5.35,5.11,824966.0,1
2024-11-15,5.11,4.91,5.19,4.88,940849.0,1
2024-11-18,5.04,4.89,5.09,4.83,886284.0,1
2024-11-19,4.88,4.95,4.96,4.74,786179.0,1
2024-11-20,4.91,5.13,5.2,4.87,1058091.0,1
2024-11-21,5.15,5.07,5.18,5.02,630835.0,1
2024-11-22,5.09,5.05,5.34,5.05,1302126.0,1
2024-11-25,5.06,4.98,5.13,4.89,727959.0,1
2024-11-26,4.97,4.87,5.01,4.84,652374.0,1
2024-11-27,4.82,4.97,4.98,4.7,638519.0,1
2024-11-28,5.15,5.1,5.32,5.1,1400624.0,1
2024-11-29,5.09,5.1,5.18,5.0,912653.0,1
2024-12-02,5.11,5.47,5.58,5.1,1578635.0,1
2024-12-03,5.47,5.46,5.56,5.35,1160298.0,1
2024-12-04,5.44,5.26,5.45,5.23,826314.0,1
2024-12-05,5.22,5.38,5.43,5.2,675887.0,1
2024-12-06,5.4,5.38,5.42,5.24,706541.0,1
2024-12-09,5.41,5.28,5.42,5.23,587929.0,1
2024-12-10,5.43,5.3,5.48,5.29,760528.0,1
2024-12-11,5.27,5.44,5.47,5.24,922970.0,1
2024-12-12,5.45,5.49,5.52,5.33,824624.0,1
2024-12-13,5.47,5.25,5.58,5.24,858348.0,1
2024-12-16,5.23,5.13,5.3,5.09,571451.0,1
2024-12-17,5.12,4.99,5.12,4.96,506012.0,1
2024-12-18,4.99,4.99,5.05,4.96,353331.0,1
2024-12-19,4.95,4.99,5.03,4.89,358191.0,1
2024-12-20,5.02,4.96,5.03,4.95,404081.0,1
2024-12-23,4.96,4.78,4.97,4.75,466479.0,1
2024-12-24,4.78,4.77,4.82,4.71,291534.0,1
2024-12-25,4.78,4.61,4.81,4.56,453503.0,1
2024-12-26,4.59,4.58,4.65,4.55,379581.0,1
2024-12-27,4.58,4.65,4.74,4.55,414381.0,1
2024-12-30,4.65,4.63,4.67,4.53,378025.0,1
2024-12-31,4.63,4.48,4.68,4.46,349638.0,1
2025-01-02,4.47,4.35,4.54,4.29,413885.0,1
2025-01-03,4.35,4.15,4.39,4.12,473065.0,1
2025-01-06,4.13,4.12,4.17,4.02,327878.0,1
2025-01-07,4.11,4.21,4.21,4.09,293467.0,1
2025-01-08,4.24,4.19,4.24,4.06,406553.0,1
2025-01-09,4.15,4.19,4.23,4.14,260228.0,1
2025-01-10,4.19,4.08,4.25,4.07,263620.0,1
2025-01-13,4.05,4.1,4.13,3.98,275490.0,1
2025-01-14,4.12,4.29,4.29,4.11,404329.0,1
2025-01-15,4.29,4.27,4.31,4.19,380765.0,1
2025-01-16,4.35,4.28,4.4,4.24,390485.0,1
2025-01-17,4.28,4.28,4.3,4.22,249743.0,1
2025-01-20,4.29,4.29,4.36,4.21,351327.0,1
2025-01-21,4.33,4.23,4.33,4.19,269245.0,1
2025-01-22,4.2,4.16,4.21,4.15,218393.0,1
2025-01-23,4.22,4.17,4.3,4.16,334666.0,1
2025-01-24,4.14,4.19,4.2,4.14,252944.0,1
2025-01-27,4.21,4.11,4.28,4.11,260648.0,1
2025-02-05,4.17,4.19,4.25,4.14,352621.0,1
2025-02-06,4.19,4.29,4.29,4.14,412790.0,1
2025-02-07,4.31,4.39,4.46,4.29,542677.0,1
2025-02-10,4.44,4.54,4.55,4.4,591344.0,1
2025-02-11,4.57,4.44,4.58,4.39,463710.0,1
2025-02-12,4.43,4.51,4.53,4.41,396654.0,1
2025-02-13,4.51,4.49,4.53,4.43,350672.0,1
2025-02-14,4.48,4.71,4.94,4.44,1266550.0,1
2025-02-17,4.76,5.05,5.16,4.7,1687551.0,1
2025-02-18,5.03,4.76,5.03,4.73,1064021.0,1
2025-02-19,4.73,4.83,4.86,4.67,675681.0,1
2025-02-20,4.81,4.77,4.89,4.76,605957.0,1
2025-02-21,4.64,4.74,4.83,4.49,1182767.0,1
2025-02-24,4.47,4.58,4.74,4.46,1147766.0,1
2025-02-25,4.52,4.75,4.85,4.5,1077917.0,1
2025-02-26,4.79,4.78,4.89,4.75,794100.0,1
2025-02-27,4.79,4.77,4.87,4.65,653474.0,1
2025-02-28,4.71,4.62,4.72,4.6,463206.0,1
2025-03-03,4.64,4.66,4.78,4.57,583433.0,1
2025-03-04,4.7,4.72,4.8,4.65,655533.0,1
2025-03-05,4.68,4.91,4.91,4.53,1328910.0,1
2025-03-06,4.85,4.88,4.95,4.85,1047723.0,1
2025-03-07,4.84,5.0,5.16,4.81,1520624.0,1
2025-03-10,4.97,5.19,5.2,4.86,1443765.0,1
2025-03-11,5.08,5.71,5.71,5.05,3243619.0,1
2025-03-12,5.87,5.72,6.04,5.69,4148675.0,1
2025-03-13,5.64,5.25,5.72,5.19,2748473.0,1
2025-03-14,5.27,5.31,5.34,5.13,1584315.0,1
2025-03-17,5.3,5.25,5.46,5.24,1351675.0,1
2025-03-18,5.24,5.18,5.34,5.16,1056327.0,1
2025-03-19,5.16,5.17,5.2,5.1,722310.0,1
2025-03-20,5.19,5.12,5.23,5.12,719870.0,1
2025-03-21,5.1,4.94,5.13,4.92,970406.0,1
2025-03-24,4.95,4.86,4.98,4.73,750944.0,1
2025-03-25,4.82,4.83,4.87,4.76,459761.0,1
2025-03-26,4.82,4.83,4.87,4.8,368089.0,1
2025-03-27,4.83,4.78,4.84,4.73,345246.0,1
2025-03-28,4.77,4.67,4.79,4.67,341332.0,1
2025-03-31,4.64,4.58,4.65,4.51,459760.0,1
2025-04-01,4.61,4.58,4.64,4.57,283638.0,1
2025-04-02,4.58,4.59,4.63,4.56,191153.0,1
2025-04-03,4.55,4.61,4.72,4.52,441262.0,1
2025-04-07,4.37,4.15,4.46,4.15,549446.0,1
2025-04-08,4.05,4.11,4.16,3.97,773168.0,1
2025-04-09,4.04,4.33,4.35,3.83,863227.0,1
2025-04-10,4.56,4.76,4.76,4.54,597898.0,1
2025-04-11,4.78,4.65,4.95,4.64,1470993.0,1
2025-04-14,4.68,4.77,4.87,4.68,984358.0,1
2025-04-15,4.74,4.64,4.76,4.6,602994.0,1
2025-04-16,4.64,4.55,4.72,4.5,540225.0,1
2025-04-17,4.5,4.49,4.57,4.48,409044.0,1
2025-04-18,4.48,4.56,4.58,4.42,427889.0,1
2025-04-21,4.31,4.72,4.79,4.31,1102133.0,1
2025-04-22,4.7,4.86,4.91,4.69,1238545.0,1
2025-04-23,4.86,4.74,4.96,4.72,961090.0,1
2025-04-24,4.72,4.61,4.73,4.56,517878.0,1
2025-04-25,4.61,4.74,4.91,4.56,789849.0,1
2025-04-28,4.75,4.65,4.79,4.64,490328.0,1
2025-04-29,4.62,4.72,4.78,4.58,545709.0,1
2025-04-30,4.71,4.86,5.01,4.71,1033708.0,1
2025-05-06,4.87,4.96,5.04,4.83,1008708.0,1
2025-05-07,4.99,4.91,5.03,4.86,867977.0,1
2025-05-08,4.91,4.93,4.98,4.86,507858.0,1
2025-05-09,4.92,4.81,4.92,4.78,484945.0,1
2025-05-12,4.86,4.86,4.9,4.83,373771.0,1
2025-05-13,4.91,4.82,4.97,4.81,505023.0,1
2025-05-14,4.82,5.11,5.15,4.79,1698593.0,1
2025-05-15,5.12,4.93,5.12,4.92,946892.0,1
2025-05-16,4.91,4.85,4.92,4.84,528978.0,1
2025-05-19,4.83,4.92,4.96,4.79,476219.0,1
2025-05-20,4.92,4.9,4.94,4.85,389846.0,1
2025-05-21,4.89,4.76,4.89,4.76,544290.0,1
2025-05-22,4.72,4.68,4.78,4.66,446511.0,1
2025-05-23,4.67,4.61,4.71,4.6,347919.0,1
2025-05-26,4.59,4.53,4.62,4.47,590304.0,1
2025-05-27,4.51,4.52,4.55,4.45,354719.0,1
2025-05-28,4.52,4.47,4.57,4.46,324157.0,1
2025-05-29,4.49,4.57,4.57,4.47,408161.0,1
2025-05-30,4.55,4.49,4.57,4.47,299435.0,1
2025-06-03,4.4,4.5,4.52,4.4,230372.0,1
2025-06-04,4.49,4.48,4.51,4.47,251521.0,1
2025-06-05,4.5,4.5,4.51,4.45,279902.0,1
2025-06-06,4.51,4.43,4.52,4.39,406240.0,1
2025-06-09,4.43,4.48,4.5,4.43,285475.0,1
2025-06-10,4.49,4.4,4.49,4.34,413194.0,1
2025-06-11,4.49,4.46,4.62,4.46,422059.0,1
2025-06-12,4.43,4.42,4.45,4.41,228465.0,1
2025-06-13,4.42,4.33,4.43,4.32,289877.0,1
2025-06-16,4.3,4.35,4.36,4.29,164271.0,1
2025-06-17,4.36,4.4,4.42,4.33,238463.0,1
2025-06-18,4.39,4.35,4.4,4.33,159460.0,1
2025-06-19,4.36,4.36,4.43,4.34,303591.0,1
2025-06-20,4.34,4.5,4.56,4.34,704892.0,1
2025-06-23,4.51,4.55,4.57,4.41,509804.0,1
2025-06-24,4.53,4.57,4.57,4.51,396276.0,1
2025-06-25,4.57,4.6,4.6,4.51,389401.0,1
2025-06-26,4.59,4.53,4.64,4.53,351152.0,1
2025-06-27,4.56,4.62,4.69,4.56,582798.0,1
2025-06-30,4.59,4.6,4.63,4.57,374925.0,1
2025-07-01,4.6,4.56,4.6,4.52,302459.0,1
2025-07-02,4.63,4.56,4.65,4.52,288820.0,1
2025-07-03,4.54,4.53,4.57,4.51,246095.0,1
2025-07-04,4.52,4.49,4.54,4.48,261221.0,1
2025-07-07,4.5,4.53,4.55,4.47,258247.0,1
2025-07-08,4.54,4.55,4.56,4.52,251648.0,1
2025-07-09,4.56,4.57,4.58,4.54,302481.0,1
2025-07-10,4.55,4.61,4.62,4.54,346410.0,1
2025-07-11,4.61,4.67,4.7,4.56,508594.0,1
2025-07-14,4.7,4.73,4.89,4.61,978662.0,1
2025-07-15,4.68,4.67,4.76,4.59,630083.0,1
2025-07-16,4.65,4.61,4.71,4.61,405888.0,1
2025-07-17,4.62,4.62,4.68,4.59,353217.0,1
2025-07-18,4.62,4.61,4.64,4.58,265684.0,1
2025-07-21,4.59,4.68,4.72,4.59,497549.0,1
2025-07-22,4.69,4.68,4.69,4.62,421424.0,1
2025-07-23,4.68,4.62,4.7,4.62,379027.0,1
2025-07-24,4.63,4.72,4.72,4.62,534692.0,1
2025-07-25,4.74,4.67,4.74,4.66,408206.0,1
2025-07-28,4.68,4.64,4.69,4.62,375003.0,1
2025-07-29,4.66,4.58,4.66,4.54,452124.0,1
2025-07-30,4.56,4.55,4.6,4.53,301714.0,1
2025-07-31,4.54,4.48,4.56,4.46,369765.0,1
2025-08-01,4.47,4.51,4.55,4.47,257519.0,1
2025-08-04,4.48,4.51,4.51,4.45,199155.0,1
2025-08-05,4.52,4.56,4.58,4.51,273084.0,1
2025-08-06,4.55,4.55,4.56,4.51,237744.0,1
2025-08-07,4.54,4.54,4.59,4.51,289541.0,1
2025-08-08,4.58,4.58,4.65,4.54,469034.0,1
2025-08-11,4.58,4.65,4.72,4.56,622228.0,1
2025-08-12,4.65,4.64,4.66,4.61,309388.0,1
2025-08-13,4.66,4.66,4.67,4.62,384393.0,1
2025-08-14,4.66,4.55,4.68,4.55,427710.0,1
2025-08-15,4.53,4.6,4.61,4.51,324496.0,1
2025-08-18,4.63,4.66,4.68,4.59,507425.0,1
2025-08-19,4.67,4.69,4.7,4.63,461102.0,1
2025-08-20,4.67,4.74,4.74,4.65,559075.0,1
2025-08-21,4.73,4.73,4.78,4.69,457529.0,1
2025-08-22,4.72,4.75,4.75,4.69,428529.0,1
2025-08-25,4.8,4.83,4.91,4.78,999814.0,1
2025-08-26,4.81,4.86,4.88,4.78,530823.0,1
2025-08-27,4.89,4.74,4.92,4.72,672391.0,1
2025-08-28,4.74,4.75,4.79,4.58,710615.0,1
2025-08-29,4.75,4.67,4.76,4.65,482836.0,1
2025-09-01,4.67,4.66,4.71,4.64,420701.0,1
2025-09-02,4.64,4.61,4.65,4.53,558722.0,1
2025-09-03,4.62,4.7,4.85,4.6,1112578.0,1
2025-09-04,4.69,4.77,4.92,4.68,1265970.0,1
2025-09-05,4.77,4.84,4.84,4.68,873004.0,1
2025-09-08,4.83,4.81,4.85,4.75,688930.0,1
2025-09-09,4.8,4.87,4.91,4.73,1223768.0,1
2025-09-10,4.83,4.82,4.9,4.78,743111.0,1
2025-09-11,4.79,4.81,4.85,4.75,762299.0,1
2025-09-12,4.81,4.99,5.03,4.79,1575050.0,1
2025-09-15,5.14,5.49,5.49,5.11,1238962.0,1
2025-09-16,5.9,6.04,6.04,5.6,3405948.0,1
2025-09-17,5.98,5.75,6.2,5.68,4497788.0,1
2025-09-18,5.66,5.57,5.93,5.5,3242264.0,1
2025-09-19,5.52,5.39,5.83,5.37,2388520.0,1
2025-09-22,5.36,5.24,5.39,5.2,1639635.0,1
2025-09-23,5.24,5.23,5.29,5.11,1520032.0,1
2025-09-24,5.23,5.31,5.37,5.18,1290970.0,1
2025-09-25,5.29,5.17,5.38,5.17,1113305.0,1
2025-09-26,5.25,5.11,5.26,5.11,691520.0,1
2025-09-29,5.14,5.22,5.22,5.06,856809.0,1
2025-09-30,5.25,5.27,5.33,5.18,1016127.0,1
2025-10-09,5.36,5.46,5.5,5.36,1410026.0,1
2025-10-10,5.44,5.34,5.44,5.33,970046.0,1
2025-10-13,5.08,5.18,5.19,4.97,953955.0,1
2025-10-14,5.21,5.12,5.32,5.09,813570.0,1
2025-10-15,5.13,5.18,5.19,5.07,538866.0,1
2025-10-16,5.17,5.05,5.17,5.03,603289.0,1
2025-10-17,5.03,4.91,5.13,4.88,642018.0,1
2025-10-20,4.96,4.98,5.02,4.94,446171.0,1
2025-10-21,4.98,5.1,5.12,4.95,569043.0,1
2025-10-22,5.03,4.98,5.04,4.92,672652.0,1
2025-10-23,5.23,5.18,5.35,5.1,1800212.0,1
2025-10-24,5.14,5.13,5.24,5.09,989341.0,1
2025-10-27,5.19,5.29,5.34,5.19,1238937.0,1
2025-10-28,5.22,5.2,5.29,5.19,707484.0,1
2025-10-29,5.2,5.26,5.26,5.12,629233.0,1
2025-10-30,5.18,5.06,5.2,5.02,943848.0,1
2025-10-31,5.06,5.09,5.11,5.05,531510.0,1
2025-11-03,5.09,5.11,5.14,5.05,505411.0,1
2025-11-04,5.09,5.04,5.1,5.0,516026.0,1
2025-11-05,4.98,5.21,5.28,4.94,1046939.0,1
2025-11-06,5.24,5.29,5.32,5.18,1034598.0,1
2025-11-07,5.28,5.27,5.34,5.22,718774.0,1
2025-11-10,5.23,5.29,5.32,5.23,552694.0,1
2025-11-11,5.29,5.31,5.38,5.27,779078.0,1
2025-11-12,5.31,5.4,5.49,5.2,1167612.0,1
2025-11-13,5.38,5.41,5.45,5.32,880042.0,1
2025-11-14,5.36,5.28,5.42,5.27,740361.0,1
2025-11-17,5.27,5.36,5.37,5.24,658350.0,1
2025-11-18,5.33,5.27,5.35,5.22,498644.0,1
2025-11-19,5.25,5.11,5.28,5.08,525973.0,1
2025-11-20,5.15,5.1,5.19,5.08,377038.0,1
2025-11-21,5.05,4.76,5.08,4.76,832701.0,1
2025-11-24,4.8,4.88,4.9,4.78,459041.0,1
2025-11-25,4.88,4.88,4.92,4.83,390852.0,1
2025-11-26,4.87,4.82,4.91,4.8,350326.0,1
2025-11-27,4.81,4.76,4.84,4.76,310975.0,1
2025-11-28,4.76,4.81,4.81,4.71,324804.0,1
2025-12-01,4.8,4.9,4.9,4.79,349336.0,1
2025-12-02,4.88,4.83,4.89,4.81,270464.0,1
2025-12-03,4.85,4.84,4.87,4.79,330673.0,1
2025-12-04,4.82,4.74,4.83,4.72,337928.0,1
2025-12-05,4.74,4.8,4.81,4.68,285973.0,1
2025-12-08,4.86,4.85,4.88,4.81,363423.0,1
2025-12-09,4.84,4.78,4.85,4.78,267217.0,1
2025-12-10,4.78,4.79,4.82,4.74,243657.0,1
2025-12-11,4.79,4.6,4.8,4.56,702307.0,1
2025-12-12,4.6,4.57,4.62,4.56,336772.0,1
2025-12-15,4.55,4.58,4.62,4.5,263209.0,1
2025-12-16,4.57,4.52,4.6,4.51,267511.0,1
2025-12-17,4.51,4.56,4.57,4.47,270175.0,1
2025-12-18,4.54,4.55,4.61,4.52,276632.0,1
2025-12-19,4.6,4.72,4.74,4.56,535746.0,1
2025-12-22,4.69,4.73,4.75,4.69,323971.0,1
2025-12-23,4.73,4.69,4.81,4.66,366110.0,1
2025-12-24,4.66,4.85,4.88,4.65,831885.0,1
2025-12-25,4.86,4.86,4.87,4.79,545334.0,1
2025-12-26,4.85,5.0,5.02,4.82,1063912.0,1
2025-12-29,4.85,4.87,4.93,4.84,692998.0,1
2025-12-30,4.85,4.79,4.86,4.79,424142.0,1
2025-12-31,4.79,4.76,4.82,4.73,376277.0,1
2026-01-05,4.9,5.04,5.09,4.85,1125222.0,1
2026-01-06,5.05,5.01,5.05,4.96,732554.0,1
2026-01-07,5.06,5.0,5.13,4.98,664868.0,1
2026-01-08,4.98,5.01,5.04,4.95,515176.0,1
2026-01-09,5.02,5.11,5.21,5.01,1006244.0,1
2026-01-12,5.19,5.3,5.35,5.19,1354306.0,1
2026-01-13,5.32,5.18,5.33,5.17,1005775.0,1
2026-01-14,5.21,5.15,5.33,5.07,1132348.0,1
2026-01-15,5.13,5.07,5.19,5.02,636986.0,1
2026-01-16,5.1,4.99,5.12,4.95,892153.0,1
2026-01-19,5.01,5.06,5.09,4.96,676707.0,1
2026-01-20,5.04,4.97,5.06,4.92,590845.0,1
2026-01-21,4.93,5.09,5.16,4.88,887620.0,1
2026-01-22,5.13,5.6,5.6,5.09,862420.0,1
2026-01-23,5.65,5.72,6.05,5.54,4217440.0,1
2026-01-26,5.85,5.76,6.0,5.71,2674863.0,1
2026-01-27,5.67,5.88,6.13,5.67,2674102.0,1
2026-01-28,5.88,6.19,6.26,5.83,2979874.0,1
2026-01-29,6.13,5.83,6.13,5.82,2391157.0,1
2026-01-30,6.09,6.06,6.41,6.06,3653768.0,1
2026-02-02,5.61,5.45,5.77,5.45,3021280.0,1
2026-02-03,5.51,5.56,5.6,5.44,1898307.0,1
2026-02-04,5.49,5.36,5.5,5.29,1640920.0,1
2026-02-05,5.34,5.21,5.36,5.2,956890.0,1
2026-02-06,5.17,5.19,5.26,5.1,841586.0,1
2026-02-09,5.28,5.27,5.33,5.23,692050.0,1
2026-02-10,5.27,5.2,5.28,5.18,578780.0,1
2026-02-11,5.18,5.16,5.23,5.15,489609.0,1
2026-02-12,5.18,5.14,5.23,5.12,503422.0,1
2026-02-13,5.15,5.08,5.18,5.08,574603.0,1
2026-02-24,5.15,5.16,5.2,5.13,611922.0,1
2026-02-25,5.16,5.25,5.31,5.15,910909.0,1
2026-02-26,5.31,5.2,5.34,5.16,757251.0,1
2026-02-27,5.16,5.23,5.26,5.14,619487.0,1
2026-03-02,5.1,5.13,5.18,5.0,962606.0,1
2026-03-03,5.13,4.9,5.16,4.88,866208.0,1
2026-03-04,4.83,4.83,4.93,4.8,603960.0,1
2026-03-05,4.91,4.98,5.02,4.89,705451.0,1
2026-03-06,4.95,5.08,5.1,4.92,540275.0,1
2026-03-09,5.03,5.11,5.13,4.96,611596.0,1
2026-03-10,5.15,5.22,5.28,5.14,740566.0,1
2026-03-11,5.22,5.23,5.28,5.2,652507.0,1
2026-03-12,5.21,5.26,5.3,5.17,705527.0,1
2026-03-13,5.28,5.16,5.3,5.15,660065.0,1
2026-03-16,5.18,5.39,5.39,5.15,1262638.0,1
2026-03-17,5.42,5.29,5.49,5.27,1219297.0,1
2026-03-18,5.38,5.4,5.47,5.3,1123089.0,1
2026-03-19,5.31,5.25,5.33,5.21,807216.0,1
2026-03-20,5.28,5.37,5.54,5.22,1882191.0,1
2026-03-23,5.23,5.18,5.36,5.13,1377400.0,1
2026-03-24,5.28,5.41,5.43,5.13,1731296.0,1
2026-03-25,5.42,5.49,5.55,5.34,1541479.0,1
2026-03-26,5.43,5.66,5.76,5.4,2322167.0,1
2026-03-27,5.56,5.6,5.7,5.52,1462196.0,1
2026-03-30,5.52,5.54,5.6,5.38,1224483.0,1
2026-03-31,5.5,5.74,5.78,5.46,2094246.0,1
2026-04-01,5.7,5.66,5.75,5.54,1521683.0,1
2026-04-02,5.62,5.38,5.62,5.36,1151293.0,1
2026-04-03,5.32,5.22,5.52,5.04,1346200.0,1
2026-04-07,5.2,5.64,5.74,5.14,2176593.0,1
2026-04-08,5.7,5.84,5.9,5.64,1982745.0,1
2026-04-09,5.8,5.73,5.82,5.7,1121819.0,1
2026-04-10,5.75,5.75,5.88,5.69,1269341.0,1
2026-04-13,5.75,5.73,5.84,5.4,2078299.0,1
2026-04-14,5.85,5.92,6.07,5.76,1976815.0,1
2026-04-15,5.93,6.02,6.13,5.85,1694222.0,1
2026-04-16,5.97,5.9,6.0,5.83,1340856.0,1
2026-04-17,5.94,6.12,6.48,5.86,3089522.0,1
2026-04-20,6.14,6.22,6.38,6.08,2106397.0,1
2026-04-21,6.18,6.01,6.19,5.97,1320473.0,1
2026-04-22,5.98,6.02,6.09,5.78,1512932.0,1
2026-04-23,5.96,5.81,5.99,5.74,1147104.0,1
2026-04-24,5.77,5.7,5.79,5.65,855792.0,1
2026-04-27,5.7,5.72,5.74,5.58,784397.0,1
2026-04-28,5.74,5.63,5.75,5.55,772763.0,1
2026-04-29,5.57,5.76,5.9,5.54,919630.0,1
2026-04-30,5.75,5.59,5.78,5.52,941636.0,1
2026-05-06,5.65,5.91,5.98,5.65,1315192.0,1
2026-05-07,5.98,6.5,6.5,5.93,1428121.0,1
2026-05-08,6.79,6.83,6.99,6.52,4403376.0,1
2026-05-11,7.11,7.18,7.45,7.05,3448422.0,1
2026-05-12,7.08,6.93,7.14,6.91,2385523.0,1
2026-05-13,6.9,7.62,7.62,6.85,2666069.0,1
2026-05-14,7.68,7.51,7.93,7.48,3664154.0,1
2026-05-15,7.49,7.17,7.66,7.11,2673120.0,1
2026-05-18,7.14,7.25,7.34,7.0,1654503.0,1
2026-05-19,7.2,7.36,7.52,7.16,1621632.0,1
2026-05-20,7.28,7.24,7.44,7.13,1485226.0,1
2026-05-21,7.31,6.68,7.45,6.63,2239991.0,1
2026-05-22,6.76,6.94,7.1,6.75,1608789.0,1
2026-05-25,7.02,6.95,7.05,6.81,1144661.0,1
2026-05-26,6.94,6.69,6.94,6.59,1138645.0,1
2026-05-27,6.8,6.48,7.02,6.4,1435892.0,1
2026-05-28,6.62,6.43,6.7,6.29,1541976.0,1
2026-05-29,6.43,6.15,6.46,6.08,1378237.0,1
2026-06-01,6.15,6.11,6.23,6.0,826609.0,1
2026-06-02,6.15,6.14,6.22,5.97,1025655.0,1
2026-06-03,6.11,6.24,6.42,6.09,1429523.0,1
2026-06-04,6.25,6.37,6.41,6.18,1197311.0,1
2026-06-05,6.52,7.01,7.01,6.4,2040713.0,1
